"filename", "language", "C++", "JSON with Comments", "JSON", "comment", "blank", "total"
"d:\Vscode\.vscode\DP\Insertion DP.cpp", "C++", 42, 0, 0, 1, 3, 46
"d:\Vscode\.vscode\DP\beibao\fenzubeibao\P1757.cpp", "C++", 37, 0, 0, 1, 0, 38
"d:\Vscode\.vscode\DP\shuwei_DP\62.cpp", "C++", 60, 0, 0, 3, 0, 63
"d:\Vscode\.vscode\DP\shuwei_DP\P2602 [ZJOI2010] .cpp", "C++", 46, 0, 0, 1, 3, 50
"d:\Vscode\.vscode\USTCPC\a.cpp", "C++", 13, 0, 0, 0, 2, 15
"d:\Vscode\.vscode\USTCPC\c.cpp", "C++", 49, 0, 0, 1, 2, 52
"d:\Vscode\.vscode\USTCPC\c_1.cpp", "C++", 82, 0, 0, 1, 2, 85
"d:\Vscode\.vscode\USTCPC\f.cpp", "C++", 58, 0, 0, 1, 1, 60
"d:\Vscode\.vscode\abc\367\f.cpp", "C++", 51, 0, 0, 1, 3, 55
"d:\Vscode\.vscode\abc\405\b.cpp", "C++", 28, 0, 0, 0, 0, 28
"d:\Vscode\.vscode\abc\405\c.cpp", "C++", 66, 0, 0, 90, 15, 171
"d:\Vscode\.vscode\abc\405\d.cpp", "C++", 10, 0, 0, 0, 1, 11
"d:\Vscode\.vscode\abc\405\e.cpp", "C++", 50, 0, 0, 0, 1, 51
"d:\Vscode\.vscode\abc\405\f.cpp", "C++", 0, 0, 0, 69, 4, 73
"d:\Vscode\.vscode\abc\406\a.cpp", "C++", 28, 0, 0, 0, 0, 28
"d:\Vscode\.vscode\abc\406\b.cpp", "C++", 33, 0, 0, 2, 1, 36
"d:\Vscode\.vscode\abc\406\c.cpp", "C++", 68, 0, 0, 7, 7, 82
"d:\Vscode\.vscode\abc\406\d.cpp", "C++", 78, 0, 0, 3, 6, 87
"d:\Vscode\.vscode\abc\406\e.cpp", "C++", 0, 0, 0, 0, 1, 1
"d:\Vscode\.vscode\abc\406\f.cpp", "C++", 99, 0, 0, 8, 5, 112
"d:\Vscode\.vscode\abc\407\a.cpp", "C++", 21, 0, 0, 0, 0, 21
"d:\Vscode\.vscode\abc\407\b.cpp", "C++", 41, 0, 0, 0, 0, 41
"d:\Vscode\.vscode\abc\407\c.cpp", "C++", 21, 0, 0, 1, 1, 23
"d:\Vscode\.vscode\abc\407\d.cpp", "C++", 47, 0, 0, 0, 2, 49
"d:\Vscode\.vscode\abc\407\e.cpp", "C++", 27, 0, 0, 0, 1, 28
"d:\Vscode\.vscode\abc\407\f.cpp", "C++", 22, 0, 0, 0, 2, 24
"d:\Vscode\.vscode\abc\408\a.cpp", "C++", 24, 0, 0, 0, 1, 25
"d:\Vscode\.vscode\abc\408\b.cpp", "C++", 24, 0, 0, 0, 2, 26
"d:\Vscode\.vscode\abc\408\c.cpp", "C++", 27, 0, 0, 0, 1, 28
"d:\Vscode\.vscode\abc\408\d.cpp", "C++", 49, 0, 0, 0, 5, 54
"d:\Vscode\.vscode\abc\408\e.cpp", "C++", 48, 0, 0, 0, 1, 49
"d:\Vscode\.vscode\abc\409\a.cpp", "C++", 20, 0, 0, 0, 1, 21
"d:\Vscode\.vscode\abc\409\b.cpp", "C++", 28, 0, 0, 0, 2, 30
"d:\Vscode\.vscode\abc\409\c.cpp", "C++", 33, 0, 0, 0, 0, 33
"d:\Vscode\.vscode\abc\409\d.cpp", "C++", 32, 0, 0, 0, 0, 32
"d:\Vscode\.vscode\abc\409\e.cpp", "C++", 47, 0, 0, 0, 0, 47
"d:\Vscode\.vscode\abc\421\d.cpp", "C++", 28, 0, 0, 1, 3, 32
"d:\Vscode\.vscode\abc\421\e.cpp", "C++", 63, 0, 0, 1, 0, 64
"d:\Vscode\.vscode\abc\430\a.cpp", "C++", 21, 0, 0, 1, 1, 23
"d:\Vscode\.vscode\abc\430\b.cpp", "C++", 55, 0, 0, 1, 2, 58
"d:\Vscode\.vscode\abc\430\c.cpp", "C++", 54, 0, 0, 1, 2, 57
"d:\Vscode\.vscode\abc\430\d.cpp", "C++", 0, 0, 0, 75, 7, 82
"d:\Vscode\.vscode\abc\430\e.cpp", "C++", 50, 0, 0, 0, 2, 52
"d:\Vscode\.vscode\abc\432\a.cpp", "C++", 23, 0, 0, 0, 0, 23
"d:\Vscode\.vscode\abc\432\b.cpp", "C++", 43, 0, 0, 0, 0, 43
"d:\Vscode\.vscode\abc\432\c.cpp", "C++", 60, 0, 0, 2, 2, 64
"d:\Vscode\.vscode\abc\432\d.cpp", "C++", 0, 0, 0, 0, 1, 1
"d:\Vscode\.vscode\abc\432\e.cpp", "C++", 95, 0, 0, 9, 2, 106
"d:\Vscode\.vscode\abc\432\f.cpp", "C++", 66, 0, 0, 0, 2, 68
"d:\Vscode\.vscode\abc\432\g.cpp", "C++", 21, 0, 0, 0, 2, 23
"d:\Vscode\.vscode\abc\433\a.cpp", "C++", 17, 0, 0, 0, 0, 17
"d:\Vscode\.vscode\abc\433\b.cpp", "C++", 30, 0, 0, 0, 2, 32
"d:\Vscode\.vscode\abc\433\c.cpp", "C++", 43, 0, 0, 5, 2, 50
"d:\Vscode\.vscode\abc\433\d.cpp", "C++", 40, 0, 0, 8, 0, 48
"d:\Vscode\.vscode\abc\433\e.cpp", "C++", 82, 0, 0, 0, 5, 87
"d:\Vscode\.vscode\abc\433\f.cpp", "C++", 70, 0, 0, 0, 3, 73
"d:\Vscode\.vscode\abc\434\a.cpp", "C++", 14, 0, 0, 1, 0, 15
"d:\Vscode\.vscode\abc\434\b.cpp", "C++", 23, 0, 0, 0, 0, 23
"d:\Vscode\.vscode\abc\434\c.cpp", "C++", 50, 0, 0, 0, 3, 53
"d:\Vscode\.vscode\abc\434\d.cpp", "C++", 64, 0, 0, 7, 4, 75
"d:\Vscode\.vscode\abc\434\e.cpp", "C++", 129, 0, 0, 0, 7, 136
"d:\Vscode\.vscode\abc\434\f.cpp", "C++", 10, 0, 0, 0, 1, 11
"d:\Vscode\.vscode\abc\435\a.cpp", "C++", 17, 0, 0, 0, 2, 19
"d:\Vscode\.vscode\abc\435\b.cpp", "C++", 36, 0, 0, 0, 1, 37
"d:\Vscode\.vscode\abc\435\c.cpp", "C++", 28, 0, 0, 1, 3, 32
"d:\Vscode\.vscode\abc\435\d.cpp", "C++", 49, 0, 0, 0, 4, 53
"d:\Vscode\.vscode\abc\435\e.cpp", "C++", 53, 0, 0, 0, 0, 53
"d:\Vscode\.vscode\abc\435\test.cpp", "C++", 30, 0, 0, 3, 1, 34
"d:\Vscode\.vscode\abc\437\a.cpp", "C++", 14, 0, 0, 0, 2, 16
"d:\Vscode\.vscode\abc\437\b.cpp", "C++", 36, 0, 0, 0, 2, 38
"d:\Vscode\.vscode\abc\437\c.cpp", "C++", 38, 0, 0, 0, 3, 41
"d:\Vscode\.vscode\abc\437\d.cpp", "C++", 55, 0, 0, 2, 6, 63
"d:\Vscode\.vscode\abc\437\e.cpp", "C++", 42, 0, 0, 0, 1, 43
"d:\Vscode\.vscode\abc\437\f.cpp", "C++", 121, 0, 0, 2, 8, 131
"d:\Vscode\.vscode\abc\438\a.cpp", "C++", 12, 0, 0, 0, 0, 12
"d:\Vscode\.vscode\abc\438\b.cpp", "C++", 25, 0, 0, 0, 1, 26
"d:\Vscode\.vscode\abc\438\c.cpp", "C++", 25, 0, 0, 0, 0, 25
"d:\Vscode\.vscode\abc\438\d.cpp", "C++", 35, 0, 0, 0, 4, 39
"d:\Vscode\.vscode\abc\438\e.cpp", "C++", 41, 0, 0, 0, 2, 43
"d:\Vscode\.vscode\abc\438\f.cpp", "C++", 84, 0, 0, 6, 5, 95
"d:\Vscode\.vscode\abc\440\a.cpp", "C++", 16, 0, 0, 0, 0, 16
"d:\Vscode\.vscode\abc\440\b.cpp", "C++", 27, 0, 0, 0, 0, 27
"d:\Vscode\.vscode\abc\440\c.cpp", "C++", 44, 0, 0, 5, 5, 54
"d:\Vscode\.vscode\abc\440\d.cpp", "C++", 79, 0, 0, 4, 1, 84
"d:\Vscode\.vscode\abc\440\dpai\d.cpp", "C++", 79, 0, 0, 4, 1, 84
"d:\Vscode\.vscode\abc\440\dpai\dduipai.cpp", "C++", 45, 0, 0, 2, 12, 59
"d:\Vscode\.vscode\abc\440\dpai\duipai.cpp", "C++", 13, 0, 0, 0, 1, 14
"d:\Vscode\.vscode\abc\440\dpai\gen.cpp", "C++", 27, 0, 0, 5, 1, 33
"d:\Vscode\.vscode\abc\442\a.cpp", "C++", 24, 0, 0, 0, 1, 25
"d:\Vscode\.vscode\abc\442\b.cpp", "C++", 37, 0, 0, 0, 0, 37
"d:\Vscode\.vscode\abc\442\c.cpp", "C++", 32, 0, 0, 2, 1, 35
"d:\Vscode\.vscode\abc\442\d.cpp", "C++", 42, 0, 0, 0, 2, 44
"d:\Vscode\.vscode\abc\442\e.cpp", "C++", 76, 0, 0, 15, 5, 96
"d:\Vscode\.vscode\abc\442\e2.cpp", "C++", 61, 0, 0, 5, 2, 68
"d:\Vscode\.vscode\abc\442\f.cpp", "C++", 51, 0, 0, 9, 4, 64
"d:\Vscode\.vscode\abc\443\a.cpp", "C++", 19, 0, 0, 0, 0, 19
"d:\Vscode\.vscode\abc\443\b.cpp", "C++", 23, 0, 0, 0, 0, 23
"d:\Vscode\.vscode\abc\443\c.cpp", "C++", 30, 0, 0, 0, 0, 30
"d:\Vscode\.vscode\abc\443\d.cpp", "C++", 63, 0, 0, 4, 3, 70
"d:\Vscode\.vscode\abc\448\a.cpp", "C++", 25, 0, 0, 0, 2, 27
"d:\Vscode\.vscode\abc\448\b.cpp", "C++", 34, 0, 0, 5, 1, 40
"d:\Vscode\.vscode\abc\448\c.cpp", "C++", 37, 0, 0, 1, 1, 39
"d:\Vscode\.vscode\abc\448\d.cpp", "C++", 63, 0, 0, 0, 1, 64
"d:\Vscode\.vscode\abc\452\a.cpp", "C++", 20, 0, 0, 0, 1, 21
"d:\Vscode\.vscode\abc\452\b.cpp", "C++", 35, 0, 0, 0, 1, 36
"d:\Vscode\.vscode\abc\452\b\b_3.cpp", "C++", 64, 0, 0, 4, 4, 72
"d:\Vscode\.vscode\abc\452\b\d_2.cpp", "C++", 33, 0, 0, 6, 1, 40
"d:\Vscode\.vscode\abc\452\b\d_baoli.cpp", "C++", 51, 0, 0, 4, 2, 57
"d:\Vscode\.vscode\abc\452\b\duipai.cpp", "C++", 14, 0, 0, 0, 2, 16
"d:\Vscode\.vscode\abc\452\b\gen.cpp", "C++", 22, 0, 0, 2, 0, 24
"d:\Vscode\.vscode\abc\452\c.cpp", "C++", 51, 0, 0, 2, 4, 57
"d:\Vscode\.vscode\abc\452\d.cpp", "C++", 40, 0, 0, 15, 6, 61
"d:\Vscode\.vscode\abc\452\e.cpp", "C++", 41, 0, 0, 2, 0, 43
"d:\Vscode\.vscode\abc\453\a.cpp", "C++", 27, 0, 0, 1, 5, 33
"d:\Vscode\.vscode\abc\453\b.cpp", "C++", 27, 0, 0, 1, 5, 33
"d:\Vscode\.vscode\abc\453\c.cpp", "C++", 38, 0, 0, 2, 1, 41
"d:\Vscode\.vscode\abc\453\d.cpp", "C++", 100, 0, 0, 5, 3, 108
"d:\Vscode\.vscode\abc\453\e.cpp", "C++", 73, 0, 0, 2, 3, 78
"d:\Vscode\.vscode\abc\454\a.cpp", "C++", 16, 0, 0, 0, 0, 16
"d:\Vscode\.vscode\abc\454\b.cpp", "C++", 37, 0, 0, 0, 1, 38
"d:\Vscode\.vscode\abc\454\c.cpp", "C++", 38, 0, 0, 0, 0, 38
"d:\Vscode\.vscode\abc\454\d.cpp", "C++", 57, 0, 0, 2, 1, 60
"d:\Vscode\.vscode\abc\454\e.cpp", "C++", 73, 0, 0, 3, 0, 76
"d:\Vscode\.vscode\abc\454\f.cpp", "C++", 13, 0, 0, 1, 1, 15
"d:\Vscode\.vscode\abc\455\a.cpp", "C++", 19, 0, 0, 2, 0, 21
"d:\Vscode\.vscode\abc\455\b.cpp", "C++", 39, 0, 0, 1, 3, 43
"d:\Vscode\.vscode\abc\455\c.cpp", "C++", 35, 0, 0, 1, 2, 38
"d:\Vscode\.vscode\abc\455\d.cpp", "C++", 52, 0, 0, 5, 2, 59
"d:\Vscode\.vscode\abc\455\e.cpp", "C++", 59, 0, 0, 5, 0, 64
"d:\Vscode\.vscode\abc\455\f.cpp", "C++", 237, 0, 0, 3, 6, 246
"d:\Vscode\.vscode\abc\456\a.cpp", "C++", 21, 0, 0, 1, 0, 22
"d:\Vscode\.vscode\abc\456\b.cpp", "C++", 31, 0, 0, 2, 1, 34
"d:\Vscode\.vscode\abc\456\c.cpp", "C++", 48, 0, 0, 5, 0, 53
"d:\Vscode\.vscode\abc\456\c2.cpp", "C++", 34, 0, 0, 2, 0, 36
"d:\Vscode\.vscode\abc\456\d.cpp", "C++", 32, 0, 0, 4, 1, 37
"d:\Vscode\.vscode\abc\456\e.cpp", "C++", 90, 0, 0, 7, 2, 99
"d:\Vscode\.vscode\abc\456\f.cpp", "C++", 52, 0, 0, 8, 1, 61
"d:\Vscode\.vscode\abc\457\a.cpp", "C++", 23, 0, 0, 1, 0, 24
"d:\Vscode\.vscode\abc\457\b.cpp", "C++", 29, 0, 0, 8, 1, 38
"d:\Vscode\.vscode\abc\457\c.cpp", "C++", 56, 0, 0, 7, 10, 73
"d:\Vscode\.vscode\abc\457\d.cpp", "C++", 61, 0, 0, 2, 0, 63
"d:\Vscode\.vscode\abc\457\e.cpp", "C++", 81, 0, 0, 11, 1, 93
"d:\Vscode\.vscode\abc\457\g.cpp", "C++", 38, 0, 0, 1, 0, 39
"d:\Vscode\.vscode\abc\458\a.cpp", "C++", 20, 0, 0, 1, 0, 21
"d:\Vscode\.vscode\abc\458\b.cpp", "C++", 33, 0, 0, 1, 3, 37
"d:\Vscode\.vscode\abc\458\c.cpp", "C++", 25, 0, 0, 2, 3, 30
"d:\Vscode\.vscode\abc\458\d.cpp", "C++", 45, 0, 0, 2, 3, 50
"d:\Vscode\.vscode\abc\458\e.cpp", "C++", 51, 0, 0, 2, 3, 56
"d:\Vscode\.vscode\abc\467\d.cpp", "C++", 64, 0, 0, 3, 0, 67
"d:\Vscode\.vscode\abc\tarining\1.cpp", "C++", 72, 0, 0, 8, 5, 85
"d:\Vscode\.vscode\abc\tarining\2.cpp", "C++", 62, 0, 0, 2, 0, 64
"d:\Vscode\.vscode\abc\tarining\3.cpp", "C++", 0, 0, 0, 48, 4, 52
"d:\Vscode\.vscode\abc\tarining\4.cpp", "C++", 10, 0, 0, 1, 2, 13
"d:\Vscode\.vscode\abc\za\12.cpp", "C++", 21, 0, 0, 0, 1, 22
"d:\Vscode\.vscode\abc\za\13.cpp", "C++", 147, 0, 0, 10, 14, 171
"d:\Vscode\.vscode\abc\za\abc.cpp", "C++", 0, 0, 0, 1936, 220, 2156
"d:\Vscode\.vscode\awc\036\a.cpp", "C++", 45, 0, 0, 0, 1, 46
"d:\Vscode\.vscode\awc\036\b.cpp", "C++", 31, 0, 0, 0, 1, 32
"d:\Vscode\.vscode\awc\036\c.cpp", "C++", 46, 0, 0, 1, 1, 48
"d:\Vscode\.vscode\awc\036\d.cpp", "C++", 46, 0, 0, 0, 2, 48
"d:\Vscode\.vscode\awc\036\e.cpp", "C++", 21, 0, 0, 0, 4, 25
"d:\Vscode\.vscode\banzi\DP\最长上升子序列.cpp", "C++", 45, 0, 0, 7, 0, 52
"d:\Vscode\.vscode\banzi\fangfa\erweilixianshudian.cpp", "C++", 68, 0, 0, 4, 0, 72
"d:\Vscode\.vscode\banzi\jichu\chafen\erwei.cpp", "C++", 42, 0, 0, 1, 12, 55
"d:\Vscode\.vscode\banzi\jichu\sanfen\qinjiushao.cpp", "C++", 0, 0, 0, 8, 0, 8
"d:\Vscode\.vscode\banzi\jichu\sanfen\sanfen.cpp", "C++", 41, 0, 0, 2, 2, 45
"d:\Vscode\.vscode\banzi\jisuanjihe\jichu\erwei.cpp", "C++", 53, 0, 0, 0, 0, 53
"d:\Vscode\.vscode\banzi\jisuanjihe\jichu\jijiaoxu.cpp", "C++", 34, 0, 0, 0, 0, 34
"d:\Vscode\.vscode\banzi\jisuanjihe\jichu\sanwei.cpp", "C++", 23, 0, 0, 0, 1, 24
"d:\Vscode\.vscode\banzi\jisuanjihe\jichu\xianduanjiao.cpp", "C++", 29, 0, 0, 1, 0, 30
"d:\Vscode\.vscode\banzi\jisuanjihe\tubao\andrew.cpp", "C++", 72, 0, 0, 2, 1, 75
"d:\Vscode\.vscode\banzi\jisuanjihe\xuanzhanqiake\xuanzhuanqiake.cpp", "C++", 0, 0, 0, 18, 5, 23
"d:\Vscode\.vscode\banzi\jisuanjihe\zuixiaoyuanfugai\suijizengliang.cpp", "C++", 122, 0, 0, 0, 2, 124
"d:\Vscode\.vscode\banzi\shujujiegou\bingchaji.cpp", "C++", 26, 0, 0, 0, 0, 26
"d:\Vscode\.vscode\banzi\shujujiegou\chtholly.cpp", "C++", 46, 0, 0, 0, 3, 49
"d:\Vscode\.vscode\banzi\shujujiegou\shuzhuangshuzu.cpp", "C++", 57, 0, 0, 2, 1, 60
"d:\Vscode\.vscode\banzi\shujujiegou\st.cpp", "C++", 27, 0, 0, 1, 1, 29
"d:\Vscode\.vscode\banzi\shujujiegou\xianduanshu.cpp", "C++", 216, 0, 0, 1, 1, 218
"d:\Vscode\.vscode\banzi\shulun\gcd.cpp", "C++", 17, 0, 0, 0, 0, 17
"d:\Vscode\.vscode\banzi\shulun\jixinghanshu.cpp", "C++", 0, 0, 0, 15, 4, 19
"d:\Vscode\.vscode\banzi\shulun\kuaisumi.cpp", "C++", 15, 0, 0, 0, 0, 15
"d:\Vscode\.vscode\banzi\shulun\qumolei.cpp", "C++", 57, 0, 0, 0, 6, 63
"d:\Vscode\.vscode\banzi\shulun\xianxingshai.cpp", "C++", 30, 0, 0, 0, 1, 31
"d:\Vscode\.vscode\banzi\shulun\zhiyinshu.cpp", "C++", 13, 0, 0, 1, 0, 14
"d:\Vscode\.vscode\banzi\shulun\zuheshu.cpp", "C++", 29, 0, 0, 0, 1, 30
"d:\Vscode\.vscode\banzi\shushang\lca\beizeng.cpp", "C++", 75, 0, 0, 1, 5, 81
"d:\Vscode\.vscode\banzi\tulun\qiangliantongfenliang\suodian.cpp", "C++", 115, 0, 0, 4, 7, 126
"d:\Vscode\.vscode\banzi\tulun\qiangliantongfenliang\tarjan.cpp", "C++", 84, 0, 0, 1, 1, 86
"d:\Vscode\.vscode\banzi\tulun\wangluoliu\EK.cpp", "C++", 76, 0, 0, 2, 5, 83
"d:\Vscode\.vscode\banzi\tulun\wangluoliu\EK_SPFA.cpp", "C++", 90, 0, 0, 1, 7, 98
"d:\Vscode\.vscode\banzi\tulun\wangluoliu\HK.cpp", "C++", 56, 0, 0, 0, 5, 61
"d:\Vscode\.vscode\banzi\tulun\wangluoliu\chuandibibao.cpp", "C++", 33, 0, 0, 7, 5, 45
"d:\Vscode\.vscode\banzi\tulun\wangluoliu\dinic.cpp", "C++", 129, 0, 0, 0, 4, 133
"d:\Vscode\.vscode\banzi\tulun\wangluoliu\xiongyali.cpp", "C++", 0, 0, 0, 30, 0, 30
"d:\Vscode\.vscode\banzi\tulun\zuiduanlu\dijkstra.cpp", "C++", 53, 0, 0, 2, 1, 56
"d:\Vscode\.vscode\banzi\tulun\zuiduanlu\floyd.cpp", "C++", 38, 0, 0, 2, 1, 41
"d:\Vscode\.vscode\banzi\tulun\zuiduanlu\spfa.cpp", "C++", 58, 0, 0, 3, 0, 61
"d:\Vscode\.vscode\banzi\tulun\zuixiaoshengchengshu\kruskal.cpp", "C++", 60, 0, 0, 2, 2, 64
"d:\Vscode\.vscode\banzi\xianxingdaishu\xianxingji.cpp", "C++", 17, 0, 0, 0, 1, 18
"d:\Vscode\.vscode\banzi\za\gaojingdu\gaojingdu.cpp", "C++", 200, 0, 0, 0, 35, 235
"d:\Vscode\.vscode\banzi\za\haxi\haxihe.cpp", "C++", 51, 0, 0, 4, 3, 58
"d:\Vscode\.vscode\banzi\za\haxi\suijishu.cpp", "C++", 4, 0, 0, 0, 4, 8
"d:\Vscode\.vscode\banzi\za\i128\i128io.cpp", "C++", 0, 0, 0, 42, 1, 43
"d:\Vscode\.vscode\banzi\za\lisanhua\lisanhua1.cpp", "C++", 32, 0, 0, 1, 0, 33
"d:\Vscode\.vscode\banzi\za\lisanhua\lisanhua2.cpp", "C++", 32, 0, 0, 1, 1, 34
"d:\Vscode\.vscode\banzi\za\puke\dezhoupuke.cpp", "C++", 104, 0, 0, 0, 0, 104
"d:\Vscode\.vscode\cf_\111.cpp", "C++", 0, 0, 0, 0, 1, 1
"d:\Vscode\.vscode\cf_\banshua\0-1600\2200E.cpp", "C++", 69, 0, 0, 1, 3, 73
"d:\Vscode\.vscode\cf_\banshua\0-1600\2203D.cpp", "C++", 50, 0, 0, 0, 1, 51
"d:\Vscode\.vscode\cf_\banshua\0-1600\2207B.cpp", "C++", 41, 0, 0, 0, 0, 41
"d:\Vscode\.vscode\cf_\banshua\0-1600\2208B.cpp", "C++", 40, 0, 0, 0, 2, 42
"d:\Vscode\.vscode\cf_\banshua\0-1600\2228B.cpp", "C++", 31, 0, 0, 0, 2, 33
"d:\Vscode\.vscode\cf_\banshua\0-1600\2236D.cpp", "C++", 44, 0, 0, 8, 4, 56
"d:\Vscode\.vscode\cf_\banshua\0-1600\2239A.cpp", "C++", 36, 0, 0, 0, 1, 37
"d:\Vscode\.vscode\cf_\banshua\1700-1900\1921F.cpp", "C++", 60, 0, 0, 10, 3, 73
"d:\Vscode\.vscode\cf_\banshua\1700-1900\2091F.cpp", "C++", 69, 0, 0, 7, 4, 80
"d:\Vscode\.vscode\cf_\banshua\1700-1900\2093F.cpp", "C++", 28, 0, 0, 0, 2, 30
"d:\Vscode\.vscode\cf_\banshua\1700-1900\2101B.cpp", "C++", 78, 0, 0, 0, 0, 78
"d:\Vscode\.vscode\cf_\banshua\1700-1900\2106E.cpp", "C++", 60, 0, 0, 5, 2, 67
"d:\Vscode\.vscode\cf_\banshua\1700-1900\2117F.cpp", "C++", 83, 0, 0, 0, 1, 84
"d:\Vscode\.vscode\cf_\banshua\1700-1900\2120D.cpp", "C++", 44, 0, 0, 2, 1, 47
"d:\Vscode\.vscode\cf_\banshua\1700-1900\2121F.cpp", "C++", 57, 0, 0, 7, 0, 64
"d:\Vscode\.vscode\cf_\banshua\1700-1900\2127D.cpp", "C++", 105, 0, 0, 2, 4, 111
"d:\Vscode\.vscode\cf_\banshua\1700-1900\2132E.cpp", "C++", 69, 0, 0, 4, 3, 76
"d:\Vscode\.vscode\cf_\banshua\1700-1900\2137F.cpp", "C++", 13, 0, 0, 1, 1, 15
"d:\Vscode\.vscode\cf_\banshua\1700-1900\2138B.cpp", "C++", 92, 0, 0, 6, 1, 99
"d:\Vscode\.vscode\cf_\banshua\1700-1900\2138C1.cpp", "C++", 67, 0, 0, 2, 2, 71
"d:\Vscode\.vscode\cf_\banshua\1700-1900\2141D.cpp", "C++", 41, 0, 0, 2, 1, 44
"d:\Vscode\.vscode\cf_\banshua\1700-1900\2143D1.cpp", "C++", 53, 0, 0, 1, 0, 54
"d:\Vscode\.vscode\cf_\banshua\1700-1900\2144D.cpp", "C++", 46, 0, 0, 0, 4, 50
"d:\Vscode\.vscode\cf_\banshua\1700-1900\2145D.cpp", "C++", 58, 0, 0, 1, 1, 60
"d:\Vscode\.vscode\cf_\banshua\1700-1900\2147D.cpp", "C++", 48, 0, 0, 6, 0, 54
"d:\Vscode\.vscode\cf_\banshua\1700-1900\2148F.cpp", "C++", 56, 0, 0, 1, 4, 61
"d:\Vscode\.vscode\cf_\banshua\1700-1900\2150B.cpp", "C++", 84, 0, 0, 0, 2, 86
"d:\Vscode\.vscode\cf_\banshua\1700-1900\2150B_2.cpp", "C++", 74, 0, 0, 0, 1, 75
"d:\Vscode\.vscode\cf_\banshua\1700-1900\2152D.cpp", "C++", 59, 0, 0, 0, 2, 61
"d:\Vscode\.vscode\cf_\banshua\1700-1900\2153D.cpp", "C++", 42, 0, 0, 0, 1, 43
"d:\Vscode\.vscode\cf_\banshua\1700-1900\2155D.cpp", "C++", 13, 0, 0, 0, 1, 14
"d:\Vscode\.vscode\cf_\banshua\1700-1900\2159A.cpp", "C++", 61, 0, 0, 0, 0, 61
"d:\Vscode\.vscode\cf_\banshua\1700-1900\2161B.cpp", "C++", 69, 0, 0, 0, 2, 71
"d:\Vscode\.vscode\cf_\banshua\1700-1900\2161B_2.cpp", "C++", 51, 0, 0, 0, 1, 52
"d:\Vscode\.vscode\cf_\banshua\1700-1900\2163B.cpp", "C++", 33, 0, 0, 13, 1, 47
"d:\Vscode\.vscode\cf_\banshua\1700-1900\2164D.cpp", "C++", 59, 0, 0, 2, 5, 66
"d:\Vscode\.vscode\cf_\banshua\1700-1900\2176D.cpp", "C++", 38, 0, 0, 1, 1, 40
"d:\Vscode\.vscode\cf_\banshua\1700-1900\2178D.cpp", "C++", 59, 0, 0, 3, 2, 64
"d:\Vscode\.vscode\cf_\banshua\1700-1900\2179E.cpp", "C++", 101, 0, 0, 4, 7, 112
"d:\Vscode\.vscode\cf_\banshua\1700-1900\2180D.cpp", "C++", 40, 0, 0, 0, 0, 40
"d:\Vscode\.vscode\cf_\banshua\1700-1900\2181M.cpp", "C++", 31, 0, 0, 0, 0, 31
"d:\Vscode\.vscode\cf_\banshua\1700-1900\2182D.cpp", "C++", 85, 0, 0, 0, 0, 85
"d:\Vscode\.vscode\cf_\banshua\1700-1900\2182E.cpp", "C++", 68, 0, 0, 13, 4, 85
"d:\Vscode\.vscode\cf_\banshua\1700-1900\2184D.cpp", "C++", 49, 0, 0, 3, 0, 52
"d:\Vscode\.vscode\cf_\banshua\1700-1900\2184E.cpp", "C++", 71, 0, 0, 4, 1, 76
"d:\Vscode\.vscode\cf_\banshua\1700-1900\2184F.cpp", "C++", 61, 0, 0, 1, 1, 63
"d:\Vscode\.vscode\cf_\banshua\1700-1900\2185G.cpp", "C++", 71, 0, 0, 10, 6, 87
"d:\Vscode\.vscode\cf_\banshua\1700-1900\2187B.cpp", "C++", 83, 0, 0, 7, 1, 91
"d:\Vscode\.vscode\cf_\banshua\1700-1900\2189C2.cpp", "C++", 53, 0, 0, 0, 3, 56
"d:\Vscode\.vscode\cf_\banshua\1700-1900\2193F.cpp", "C++", 50, 0, 0, 3, 3, 56
"d:\Vscode\.vscode\cf_\banshua\1700-1900\2206H.cpp", "C++", 47, 0, 0, 1, 2, 50
"d:\Vscode\.vscode\cf_\banshua\1700-1900\2208D1.cpp", "C++", 93, 0, 0, 1, 5, 99
"d:\Vscode\.vscode\cf_\banshua\1700-1900\t1.cpp", "C++", 32, 0, 0, 1, 0, 33
"d:\Vscode\.vscode\cf_\banshua\1700-1900\t2.cpp", "C++", 54, 0, 0, 0, 2, 56
"d:\Vscode\.vscode\cf_\banshua\2000-2300\2074G.cpp", "C++", 35, 0, 0, 1, 3, 39
"d:\Vscode\.vscode\cf_\banshua\2000-2300\2194E.cpp", "C++", 78, 0, 0, 5, 3, 86
"d:\Vscode\.vscode\cf_\banshua\2000-2300\2231D.cpp", "C++", 19, 0, 0, 0, 1, 20
"d:\Vscode\.vscode\cf_\banshua\2000-2300\600D.cpp", "C++", 44, 0, 0, 5, 0, 49
"d:\Vscode\.vscode\cf_\banshua\2000-2300\600D1.cpp", "C++", 59, 0, 0, 10, 2, 71
"d:\Vscode\.vscode\cf_\banshua\2000-2300\CF1905D.cpp", "C++", 62, 0, 0, 4, 1, 67
"d:\Vscode\.vscode\cf_\boyi\1987D.cpp", "C++", 19, 0, 0, 0, 0, 19
"d:\Vscode\.vscode\cf_\boyi\2006A.cpp", "C++", 65, 0, 0, 0, 2, 67
"d:\Vscode\.vscode\cf_\boyi\2053E.cpp", "C++", 72, 0, 0, 1, 1, 74
"d:\Vscode\.vscode\cf_\boyi\2127C.cpp", "C++", 50, 0, 0, 2, 0, 52
"d:\Vscode\.vscode\cf_\boyi\2181F.cpp", "C++", 42, 0, 0, 0, 2, 44
"d:\Vscode\.vscode\cf_\boyi\2200E.cpp", "C++", 80, 0, 0, 2, 4, 86
"d:\Vscode\.vscode\cf_\boyi\2241F.cpp", "C++", 67, 0, 0, 0, 3, 70
"d:\Vscode\.vscode\cf_\boyi\2246D.cpp", "C++", 77, 0, 0, 5, 2, 84
"d:\Vscode\.vscode\cf_\boyi\2246D_2.cpp", "C++", 74, 0, 0, 0, 1, 75
"d:\Vscode\.vscode\cf_\div1+2\e.cpp", "C++", 81, 0, 0, 0, 1, 82
"d:\Vscode\.vscode\cf_\div2\edu189\a.cpp", "C++", 21, 0, 0, 0, 0, 21
"d:\Vscode\.vscode\cf_\div2\edu189\b.cpp", "C++", 70, 0, 0, 2, 1, 73
"d:\Vscode\.vscode\cf_\div2\edu189\c.cpp", "C++", 50, 0, 0, 0, 0, 50
"d:\Vscode\.vscode\cf_\div2\edu189\d.cpp", "C++", 66, 0, 0, 1, 0, 67
"d:\Vscode\.vscode\cf_\div3\1076\a.cpp", "C++", 32, 0, 0, 18, 0, 50
"d:\Vscode\.vscode\cf_\div3\1076\b.cpp", "C++", 49, 0, 0, 0, 0, 49
"d:\Vscode\.vscode\cf_\div3\1076\c.cpp", "C++", 41, 0, 0, 3, 1, 45
"d:\Vscode\.vscode\cf_\div3\1076\d.cpp", "C++", 64, 0, 0, 4, 3, 71
"d:\Vscode\.vscode\cf_\div3\1076\e.cpp", "C++", 52, 0, 0, 0, 0, 52
"d:\Vscode\.vscode\cf_\div3\1076\f.cpp", "C++", 54, 0, 0, 2, 2, 58
"d:\Vscode\.vscode\cf_\div3\1076\g.cpp", "C++", 65, 0, 0, 0, 5, 70
"d:\Vscode\.vscode\cf_\div3\1080\.vscode.code-workspace", "JSON with Comments", 0, 86, 0, 0, 0, 86
"d:\Vscode\.vscode\cf_\div3\1080\a.cpp", "C++", 29, 0, 0, 0, 1, 30
"d:\Vscode\.vscode\cf_\div3\1080\b.cpp", "C++", 51, 0, 0, 3, 3, 57
"d:\Vscode\.vscode\cf_\div3\1080\c.cpp", "C++", 51, 0, 0, 2, 1, 54
"d:\Vscode\.vscode\cf_\div3\1080\d.cpp", "C++", 37, 0, 0, 0, 0, 37
"d:\Vscode\.vscode\cf_\div3\1080\e.cpp", "C++", 61, 0, 0, 1, 1, 63
"d:\Vscode\.vscode\cf_\div3\1080\f.cpp", "C++", 71, 0, 0, 0, 7, 78
"d:\Vscode\.vscode\cf_\div3\za\1.cpp", "C++", 55, 0, 0, 1723, 202, 1980
"d:\Vscode\.vscode\cf_\div3\za\2025 ICPC Asia Taichung Regional Contest.cpp", "C++", 31, 0, 0, 257, 23, 311
"d:\Vscode\.vscode\cf_\edu\188\a.cpp", "C++", 24, 0, 0, 1, 2, 27
"d:\Vscode\.vscode\cf_\edu\188\b.cpp", "C++", 38, 0, 0, 0, 0, 38
"d:\Vscode\.vscode\cf_\edu\188\c.cpp", "C++", 28, 0, 0, 3, 1, 32
"d:\Vscode\.vscode\cf_\edu\188\d.cpp", "C++", 58, 0, 0, 2, 3, 63
"d:\Vscode\.vscode\cf_\edu\188\e.cpp", "C++", 74, 0, 0, 4, 5, 83
"d:\Vscode\.vscode\cf_\kunming\m.cpp", "C++", 80, 0, 0, 8, 2, 90
"d:\Vscode\.vscode\cf_\tiangong\a.cpp", "C++", 40, 0, 0, 0, 1, 41
"d:\Vscode\.vscode\cf_\tiangong\c.cpp", "C++", 47, 0, 0, 0, 3, 50
"d:\Vscode\.vscode\cf_\tiangong\e.cpp", "C++", 147, 0, 0, 7, 5, 159
"d:\Vscode\.vscode\cf_\tiangong\e2.cpp", "C++", 134, 0, 0, 9, 6, 149
"d:\Vscode\.vscode\cf_\tiangong\e3.cpp", "C++", 148, 0, 0, 6, 6, 160
"d:\Vscode\.vscode\cf_\tiangong\k.cpp", "C++", 31, 0, 0, 0, 1, 32
"d:\Vscode\.vscode\cf_\xi'anyaoqing\b.cpp", "C++", 31, 0, 0, 1, 0, 32
"d:\Vscode\.vscode\cf_\xi'anyaoqing\e.cpp", "C++", 21, 0, 0, 2, 3, 26
"d:\Vscode\.vscode\cf_\xi'anyaoqing\f.cpp", "C++", 50, 0, 0, 8, 0, 58
"d:\Vscode\.vscode\cf_\xi'anyaoqing\i.cpp", "C++", 15, 0, 0, 1, 0, 16
"d:\Vscode\.vscode\cf_\xi'anyaoqing\k.cpp", "C++", 20, 0, 0, 1, 0, 21
"d:\Vscode\.vscode\cf_\za\2133C.cpp", "C++", 69, 0, 0, 2, 4, 75
"d:\Vscode\.vscode\cf_\za\f.cpp", "C++", 66, 0, 0, 2, 8, 76
"d:\Vscode\.vscode\code\1.cpp", "C++", 69, 0, 0, 4, 3, 76
"d:\Vscode\.vscode\code\D_p.cpp", "C++", 60, 0, 0, 3114, 319, 3493
"d:\Vscode\.vscode\code\PTA.cpp", "C++", 33, 0, 0, 158, 10, 201
"d:\Vscode\.vscode\code\STL.cpp", "C++", 46, 0, 0, 0, 0, 46
"d:\Vscode\.vscode\code\a_b_c.cpp", "C++", 29, 0, 0, 209, 21, 259
"d:\Vscode\.vscode\code\boyilun.cpp", "C++", 0, 0, 0, 89, 8, 97
"d:\Vscode\.vscode\code\c_cpp_properties.json", "JSON", 0, 0, 35, 0, 0, 35
"d:\Vscode\.vscode\code\cf_div3.cpp", "C++", 0, 0, 0, 1612, 175, 1787
"d:\Vscode\.vscode\code\hangdian.cpp", "C++", 41, 0, 0, 1460, 126, 1627
"d:\Vscode\.vscode\code\jisuanjihe.cpp", "C++", 57, 0, 0, 638, 35, 730
"d:\Vscode\.vscode\code\launch.json", "JSON with Comments", 0, 4, 0, 3, 0, 7
"d:\Vscode\.vscode\code\lianxi.cpp", "C++", 55, 0, 0, 2944, 336, 3335
"d:\Vscode\.vscode\code\luogu_shujujiegou.cpp", "C++", 92, 0, 0, 1487, 138, 1717
"d:\Vscode\.vscode\code\luogu_tulun.cpp", "C++", 153, 0, 0, 4160, 340, 4653
"d:\Vscode\.vscode\code\math.cpp", "C++", 0, 0, 0, 1492, 147, 1639
"d:\Vscode\.vscode\code\niuke.cpp", "C++", 10, 0, 0, 3537, 360, 3907
"d:\Vscode\.vscode\code\tasks.json", "JSON with Comments", 0, 25, 0, 0, 0, 25
"d:\Vscode\.vscode\code\teestt.cpp", "C++", 25, 0, 0, 0, 2, 27
"d:\Vscode\.vscode\code\test152.cpp", "C++", 7, 0, 0, 33, 5, 45
"d:\Vscode\.vscode\code\x.cpp", "C++", 98, 0, 0, 10, 2, 110
"d:\Vscode\.vscode\code\xianduanshu2.cpp", "C++", 156, 0, 0, 1425, 96, 1677
"d:\Vscode\.vscode\code\zifuchuan.cpp", "C++", 43, 0, 0, 184, 23, 250
"d:\Vscode\.vscode\code\zuiduanlu.cpp", "C++", 0, 0, 0, 1322, 34, 1356
"d:\Vscode\.vscode\code\zuixiaoshengchengshu.cpp", "C++", 0, 0, 0, 1019, 23, 1042
"d:\Vscode\.vscode\coffee\wangluoliu.cpp", "C++", 0, 0, 0, 1275, 117, 1392
"d:\Vscode\.vscode\hangdian\chunji\10\1.cpp", "C++", 26, 0, 0, 1, 0, 27
"d:\Vscode\.vscode\hangdian\chunji\10\3.cpp", "C++", 79, 0, 0, 1, 2, 82
"d:\Vscode\.vscode\hangdian\chunji\10\4.cpp", "C++", 69, 0, 0, 0, 3, 72
"d:\Vscode\.vscode\hangdian\chunji\10\5.cpp", "C++", 118, 0, 0, 6, 2, 126
"d:\Vscode\.vscode\hangdian\chunji\10\8.cpp", "C++", 183, 0, 0, 2, 10, 195
"d:\Vscode\.vscode\hangdian\chunji\1\1001.cpp", "C++", 75, 0, 0, 1, 3, 79
"d:\Vscode\.vscode\hangdian\chunji\1\1002.cpp", "C++", 33, 0, 0, 21, 2, 56
"d:\Vscode\.vscode\hangdian\chunji\1\1006.cpp", "C++", 47, 0, 0, 1, 2, 50
"d:\Vscode\.vscode\hangdian\chunji\1\1008.cpp", "C++", 46, 0, 0, 0, 4, 50
"d:\Vscode\.vscode\hangdian\chunji\1\1009.cpp", "C++", 49, 0, 0, 1, 5, 55
"d:\Vscode\.vscode\hangdian\chunji\1\a.cpp", "C++", 0, 0, 0, 0, 1, 1
"d:\Vscode\.vscode\hangdian\chunji\1\test1.cpp", "C++", 28, 0, 0, 0, 1, 29
"d:\Vscode\.vscode\hangdian\chunji\2\1.cpp", "C++", 34, 0, 0, 0, 3, 37
"d:\Vscode\.vscode\hangdian\chunji\2\10.cpp", "C++", 58, 0, 0, 4, 4, 66
"d:\Vscode\.vscode\hangdian\chunji\2\2.cpp", "C++", 180, 0, 0, 4, 4, 188
"d:\Vscode\.vscode\hangdian\chunji\2\4.cpp", "C++", 20, 0, 0, 0, 0, 20
"d:\Vscode\.vscode\hangdian\chunji\2\7.cpp", "C++", 47, 0, 0, 2, 1, 50
"d:\Vscode\.vscode\hangdian\chunji\2\8.cpp", "C++", 43, 0, 0, 2, 2, 47
"d:\Vscode\.vscode\hangdian\chunji\2\9.cpp", "C++", 16, 0, 0, 0, 1, 17
"d:\Vscode\.vscode\hangdian\chunji\3\1.cpp", "C++", 60, 0, 0, 0, 3, 63
"d:\Vscode\.vscode\hangdian\chunji\3\10.cpp", "C++", 68, 0, 0, 4, 1, 73
"d:\Vscode\.vscode\hangdian\chunji\3\3.cpp", "C++", 83, 0, 0, 2, 0, 85
"d:\Vscode\.vscode\hangdian\chunji\3\4.cpp", "C++", 41, 0, 0, 4, 2, 47
"d:\Vscode\.vscode\hangdian\chunji\3\5.cpp", "C++", 24, 0, 0, 0, 1, 25
"d:\Vscode\.vscode\hangdian\chunji\3\7.cpp", "C++", 34, 0, 0, 0, 2, 36
"d:\Vscode\.vscode\hangdian\chunji\3\9.cpp", "C++", 82, 0, 0, 0, 5, 87
"d:\Vscode\.vscode\hangdian\chunji\4\1.cpp", "C++", 74, 0, 0, 1, 0, 75
"d:\Vscode\.vscode\hangdian\chunji\4\10.cpp", "C++", 37, 0, 0, 0, 0, 37
"d:\Vscode\.vscode\hangdian\chunji\4\4.cpp", "C++", 64, 0, 0, 0, 0, 64
"d:\Vscode\.vscode\hangdian\chunji\4\8.cpp", "C++", 153, 0, 0, 9, 2, 164
"d:\Vscode\.vscode\hangdian\chunji\4\8_1.cpp", "C++", 60, 0, 0, 0, 0, 60
"d:\Vscode\.vscode\hangdian\chunji\4\9.cpp", "C++", 81, 0, 0, 12, 1, 94
"d:\Vscode\.vscode\hangdian\chunji\5\1.cpp", "C++", 43, 0, 0, 3, 0, 46
"d:\Vscode\.vscode\hangdian\chunji\5\2.cpp", "C++", 63, 0, 0, 1, 2, 66
"d:\Vscode\.vscode\hangdian\chunji\5\3.cpp", "C++", 25, 0, 0, 0, 0, 25
"d:\Vscode\.vscode\hangdian\chunji\5\4.cpp", "C++", 30, 0, 0, 5, 0, 35
"d:\Vscode\.vscode\hangdian\chunji\5\7.cpp", "C++", 184, 0, 0, 1, 2, 187
"d:\Vscode\.vscode\hangdian\chunji\5\8.cpp", "C++", 43, 0, 0, 3, 1, 47
"d:\Vscode\.vscode\hangdian\chunji\5\a.cpp", "C++", 15, 0, 0, 1, 1, 17
"d:\Vscode\.vscode\hangdian\chunji\6\1.cpp", "C++", 52, 0, 0, 0, 0, 52
"d:\Vscode\.vscode\hangdian\chunji\6\2.cpp", "C++", 22, 0, 0, 1, 1, 24
"d:\Vscode\.vscode\hangdian\chunji\6\5.cpp", "C++", 52, 0, 0, 0, 0, 52
"d:\Vscode\.vscode\hangdian\chunji\6\7.cpp", "C++", 13, 0, 0, 1, 1, 15
"d:\Vscode\.vscode\hangdian\chunji\6\8.cpp", "C++", 60, 0, 0, 0, 0, 60
"d:\Vscode\.vscode\hangdian\chunji\6\9.cpp", "C++", 51, 0, 0, 3, 1, 55
"d:\Vscode\.vscode\hangdian\chunji\7\1.cpp", "C++", 132, 0, 0, 2, 3, 137
"d:\Vscode\.vscode\hangdian\chunji\7\11.cpp", "C++", 81, 0, 0, 4, 1, 86
"d:\Vscode\.vscode\hangdian\chunji\7\2.cpp", "C++", 48, 0, 0, 0, 2, 50
"d:\Vscode\.vscode\hangdian\chunji\7\3.cpp", "C++", 14, 0, 0, 1, 1, 16
"d:\Vscode\.vscode\hangdian\chunji\7\4.cpp", "C++", 50, 0, 0, 0, 0, 50
"d:\Vscode\.vscode\hangdian\chunji\7\5.cpp", "C++", 55, 0, 0, 5, 2, 62
"d:\Vscode\.vscode\hangdian\chunji\7\6.cpp", "C++", 56, 0, 0, 3, 3, 62
"d:\Vscode\.vscode\hangdian\chunji\7\8.cpp", "C++", 45, 0, 0, 0, 0, 45
"d:\Vscode\.vscode\hangdian\chunji\9\1.cpp", "C++", 70, 0, 0, 4, 2, 76
"d:\Vscode\.vscode\hangdian\chunji\9\4.cpp", "C++", 50, 0, 0, 6, 0, 56
"d:\Vscode\.vscode\hangdian\chunji\9\6.cpp", "C++", 58, 0, 0, 0, 0, 58
"d:\Vscode\.vscode\hangdian\chunji\reshensai\1.cpp", "C++", 29, 0, 0, 0, 1, 30
"d:\Vscode\.vscode\hangdian\chunji\reshensai\10.cpp", "C++", 101, 0, 0, 5, 3, 109
"d:\Vscode\.vscode\hangdian\chunji\reshensai\2(1).cpp", "C++", 85, 0, 0, 3, 1, 89
"d:\Vscode\.vscode\hangdian\chunji\reshensai\2.cpp", "C++", 105, 0, 0, 10, 0, 115
"d:\Vscode\.vscode\hangdian\chunji\reshensai\4.cpp", "C++", 78, 0, 0, 3, 2, 83
"d:\Vscode\.vscode\hangdian\chunji\reshensai\5(1).cpp", "C++", 56, 0, 0, 0, 3, 59
"d:\Vscode\.vscode\hangdian\chunji\reshensai\5(2).cpp", "C++", 44, 0, 0, 4, 10, 58
"d:\Vscode\.vscode\hangdian\chunji\reshensai\5.cpp", "C++", 69, 0, 0, 0, 1, 70
"d:\Vscode\.vscode\hangdian\chunji\reshensai\6.cpp", "C++", 133, 0, 0, 6, 3, 142
"d:\Vscode\.vscode\hangdian\chunji\reshensai\7.cpp", "C++", 46, 0, 0, 7, 3, 56
"d:\Vscode\.vscode\hangdian\chunji\reshensai\a.cpp", "C++", 13, 0, 0, 0, 2, 15
"d:\Vscode\.vscode\hangdian\chunji\reshensai\m.cpp", "C++", 24, 0, 0, 0, 1, 25
"d:\Vscode\.vscode\hangdian\xiaji\1\1.cpp", "C++", 79, 0, 0, 0, 0, 79
"d:\Vscode\.vscode\hangdian\xiaji\1\1001.cpp", "C++", 57, 0, 0, 0, 0, 57
"d:\Vscode\.vscode\hangdian\xiaji\1\1004.cpp", "C++", 20, 0, 0, 0, 1, 21
"d:\Vscode\.vscode\hangdian\xiaji\1\1006.cpp", "C++", 48, 0, 0, 0, 3, 51
"d:\Vscode\.vscode\hangdian\xiaji\1\1006_2.cpp", "C++", 50, 0, 0, 1, 0, 51
"d:\Vscode\.vscode\hangdian\xiaji\1\1010..cpp", "C++", 53, 0, 0, 7, 1, 61
"d:\Vscode\.vscode\hangdian\xiaji\1\1010_0.cpp", "C++", 71, 0, 0, 2, 1, 74
"d:\Vscode\.vscode\hangdian\xiaji\2\1001.cpp", "C++", 32, 0, 0, 0, 0, 32
"d:\Vscode\.vscode\hangdian\xiaji\2\1007.cpp", "C++", 19, 0, 0, 0, 2, 21
"d:\Vscode\.vscode\hangdian\xiaji\2\1008.cpp", "C++", 108, 0, 0, 1, 2, 111
"d:\Vscode\.vscode\hangdian\xiaji\2\1008_2.cpp", "C++", 79, 0, 0, 3, 3, 85
"d:\Vscode\.vscode\hangdian\xiaji\2\1010.cpp", "C++", 88, 0, 0, 8, 5, 101
"d:\Vscode\.vscode\hangdian\xiaji\2\1010_2.cpp", "C++", 73, 0, 0, 6, 1, 80
"d:\Vscode\.vscode\hangdian\xiaji\2\1011.cpp", "C++", 87, 0, 0, 3, 0, 90
"d:\Vscode\.vscode\hangdian\xiaji\2\1011_2.cpp", "C++", 33, 0, 0, 1, 0, 34
"d:\Vscode\.vscode\hangdian\xiaji\3\1002.cpp", "C++", 22, 0, 0, 1, 1, 24
"d:\Vscode\.vscode\hangdian\xiaji\3\1003.cpp", "C++", 36, 0, 0, 2, 0, 38
"d:\Vscode\.vscode\hangdian\xiaji\3\1004.cpp", "C++", 110, 0, 0, 1, 6, 117
"d:\Vscode\.vscode\hangdian\xiaji\3\1005.cpp", "C++", 72, 0, 0, 2, 1, 75
"d:\Vscode\.vscode\hangdian\xiaji\3\1006.cpp", "C++", 52, 0, 0, 0, 1, 53
"d:\Vscode\.vscode\hangdian\xiaji\3\1009.cpp", "C++", 63, 0, 0, 1, 2, 66
"d:\Vscode\.vscode\hangdian\xiaji\3\1010.cpp", "C++", 30, 0, 0, 1, 0, 31
"d:\Vscode\.vscode\hangdian\xiaji\4\1003.cpp", "C++", 79, 0, 0, 0, 0, 79
"d:\Vscode\.vscode\hangdian\xiaji\4\1007.cpp", "C++", 46, 0, 0, 0, 0, 46
"d:\Vscode\.vscode\hangdian\xiaji\4\1007_2.cpp", "C++", 73, 0, 0, 1, 2, 76
"d:\Vscode\.vscode\hangdian\xiaji\4\1007_3.cpp", "C++", 47, 0, 0, 1, 0, 48
"d:\Vscode\.vscode\hangdian\xiaji\4\1011.cpp", "C++", 38, 0, 0, 0, 0, 38
"d:\Vscode\.vscode\hangdian\xiaji\5\1001.cpp", "C++", 16, 0, 0, 1, 1, 18
"d:\Vscode\.vscode\hangdian\xiaji\5\1003.cpp", "C++", 77, 0, 0, 1, 4, 82
"d:\Vscode\.vscode\hangdian\xiaji\5\1005.cpp", "C++", 50, 0, 0, 50, 14, 114
"d:\Vscode\.vscode\hangdian\xiaji\5\1008.cpp", "C++", 88, 0, 0, 3, 3, 94
"d:\Vscode\.vscode\hangdian\xiaji\5\1010.cpp", "C++", 53, 0, 0, 0, 3, 56
"d:\Vscode\.vscode\hangdian\xiaji\5\1010_2.cpp", "C++", 110, 0, 0, 2, 6, 118
"d:\Vscode\.vscode\hangdian\xiaji\5\1010_3.cpp", "C++", 91, 0, 0, 2, 2, 95
"d:\Vscode\.vscode\hangdian\xiaji\6\1001.cpp", "C++", 16, 0, 0, 1, 1, 18
"d:\Vscode\.vscode\hangdian\xiaji\6\1002.cpp", "C++", 151, 0, 0, 38, 15, 204
"d:\Vscode\.vscode\hangdian\xiaji\6\1002_2.cpp", "C++", 137, 0, 0, 5, 5, 147
"d:\Vscode\.vscode\hangdian\xiaji\6\1008.cpp", "C++", 18, 0, 0, 1, 1, 20
"d:\Vscode\.vscode\hangdian\xiaji\6\1010.cpp", "C++", 32, 0, 0, 0, 3, 35
"d:\Vscode\.vscode\hangdian\xiaji\6\1010_2.cpp", "C++", 55, 0, 0, 0, 2, 57
"d:\Vscode\.vscode\hangdian\xiaji\6\1012.cpp", "C++", 67, 0, 0, 65, 18, 150
"d:\Vscode\.vscode\lanqiao\14\a.cpp", "C++", 44, 0, 0, 3, 1, 48
"d:\Vscode\.vscode\lanqiao\14\a_1.cpp", "C++", 42, 0, 0, 2, 1, 45
"d:\Vscode\.vscode\lanqiao\14\c.cpp", "C++", 23, 0, 0, 0, 1, 24
"d:\Vscode\.vscode\lanqiao\14\d.cpp", "C++", 37, 0, 0, 2, 2, 41
"d:\Vscode\.vscode\lanqiao\14\e.cpp", "C++", 47, 0, 0, 2, 1, 50
"d:\Vscode\.vscode\lanqiao\16Bc++\a.cpp", "C++", 17, 0, 0, 0, 0, 17
"d:\Vscode\.vscode\lanqiao\16Bc++\b.cpp", "C++", 25, 0, 0, 0, 0, 25
"d:\Vscode\.vscode\lanqiao\16Bc++\c.cpp", "C++", 19, 0, 0, 0, 0, 19
"d:\Vscode\.vscode\lanqiao\16Bc++\d.cpp", "C++", 29, 0, 0, 0, 1, 30
"d:\Vscode\.vscode\lanqiao\16Bc++\e.cpp", "C++", 24, 0, 0, 0, 0, 24
"d:\Vscode\.vscode\lanqiao\16Bc++\f.cpp", "C++", 47, 0, 0, 0, 0, 47
"d:\Vscode\.vscode\lanqiao\16Bc++\g.cpp", "C++", 56, 0, 0, 3, 3, 62
"d:\Vscode\.vscode\lanqiao\16Bc++\h.cpp", "C++", 44, 0, 0, 0, 0, 44
"d:\Vscode\.vscode\leetcode\shangke\051.cpp", "C++", 14, 0, 0, 1, 1, 16
"d:\Vscode\.vscode\luogu\Manhattan\P5098.cpp", "C++", 29, 0, 0, 0, 0, 29
"d:\Vscode\.vscode\luogu\chafen\P3397.cpp", "C++", 30, 0, 0, 0, 4, 34
"d:\Vscode\.vscode\luogu\gouzao\CF1463B Find The Array.cpp", "C++", 30, 0, 0, 0, 1, 31
"d:\Vscode\.vscode\luogu\lanqiaomoni\2023guosaimoni\a.cpp", "C++", 34, 0, 0, 1, 0, 35
"d:\Vscode\.vscode\luogu\lanqiaomoni\2023guosaimoni\b.cpp", "C++", 46, 0, 0, 2, 1, 49
"d:\Vscode\.vscode\luogu\lanqiaomoni\2023guosaimoni\c.cpp", "C++", 52, 0, 0, 3, 1, 56
"d:\Vscode\.vscode\luogu\lanqiaomoni\2026guosaimonio\a.cpp", "C++", 31, 0, 0, 3, 1, 35
"d:\Vscode\.vscode\luogu\lanqiaomoni\2026guosaimonio\c.cpp", "C++", 54, 0, 0, 2, 2, 58
"d:\Vscode\.vscode\luogu\lanqiaomoni\2026guosaimonio\d.cpp", "C++", 43, 0, 0, 2, 1, 46
"d:\Vscode\.vscode\luogu\lanqiaomoni\2026guosaimonio\e.cpp", "C++", 36, 0, 0, 0, 3, 39
"d:\Vscode\.vscode\luogu\lanqiaomoni\2026guosaimonio\f.cpp", "C++", 56, 0, 0, 1, 1, 58
"d:\Vscode\.vscode\luogu\lanqiaomoni\2026guosaimonio\g.cpp", "C++", 40, 0, 0, 1, 1, 42
"d:\Vscode\.vscode\luogu\lanqiaomoni\a.cpp", "C++", 75, 0, 0, 2, 4, 81
"d:\Vscode\.vscode\luogu\lanqiaomoni\a_2.cpp", "C++", 6, 0, 0, 0, 0, 6
"d:\Vscode\.vscode\luogu\lanqiaomoni\c.cpp", "C++", 28, 0, 0, 0, 0, 28
"d:\Vscode\.vscode\luogu\lanqiaomoni\d.cpp", "C++", 33, 0, 0, 0, 1, 34
"d:\Vscode\.vscode\luogu\lanqiaomoni\e.cpp", "C++", 38, 0, 0, 1, 1, 40
"d:\Vscode\.vscode\luogu\lanqiaomoni\f.cpp", "C++", 53, 0, 0, 7, 2, 62
"d:\Vscode\.vscode\luogu\lanqiaomoni\h.cpp", "C++", 73, 0, 0, 0, 3, 76
"d:\Vscode\.vscode\luogu\lanqiaomoni\test.cpp", "C++", 28, 0, 0, 0, 0, 28
"d:\Vscode\.vscode\luogu\liaoning\a.cpp", "C++", 0, 0, 0, 0, 1, 1
"d:\Vscode\.vscode\luogu\liaoning\c.cpp", "C++", 24, 0, 0, 0, 3, 27
"d:\Vscode\.vscode\luogu\liaoning\d.cpp", "C++", 57, 0, 0, 0, 5, 62
"d:\Vscode\.vscode\luogu\liaoning\e.cpp", "C++", 95, 0, 0, 0, 6, 101
"d:\Vscode\.vscode\luogu\liaoning\i.cpp", "C++", 30, 0, 0, 1, 0, 31
"d:\Vscode\.vscode\luogu\liaoning\j.cpp", "C++", 40, 0, 0, 0, 4, 44
"d:\Vscode\.vscode\luogu\liaoning\l.cpp", "C++", 34, 0, 0, 0, 3, 37
"d:\Vscode\.vscode\luogu\liaoning\m.cpp", "C++", 39, 0, 0, 0, 2, 41
"d:\Vscode\.vscode\luogu\quyusai\nanning2017\a.cpp", "C++", 22, 0, 0, 0, 1, 23
"d:\Vscode\.vscode\luogu\quyusai\nanning2017\f.cpp", "C++", 368, 0, 0, 19, 132, 519
"d:\Vscode\.vscode\luogu\quyusai\nanning2017\i.cpp", "C++", 45, 0, 0, 0, 0, 45
"d:\Vscode\.vscode\luogu\quyusai\nanning2017\j.cpp", "C++", 54, 0, 0, 0, 0, 54
"d:\Vscode\.vscode\luogu\quyusai\nanning2017\l.cpp", "C++", 241, 0, 0, 0, 36, 277
"d:\Vscode\.vscode\luogu\quyusai\nanning2017\m.cpp", "C++", 95, 0, 0, 0, 5, 100
"d:\Vscode\.vscode\luogu\quyusai\nanning2017\test.cpp", "C++", 19, 0, 0, 1, 6, 26
"d:\Vscode\.vscode\luogu\za\P16241.cpp", "C++", 21, 0, 0, 1, 1, 23
"d:\Vscode\.vscode\luogu\za\P3362.cpp", "C++", 73, 0, 0, 1, 0, 74
"d:\Vscode\.vscode\math\zuhe\lucas.cpp", "C++", 57, 0, 0, 3, 2, 62
"d:\Vscode\.vscode\niuke\2025hanjia\1\a.cpp", "C++", 152, 0, 0, 18, 4, 174
"d:\Vscode\.vscode\niuke\2025hanjia\1\b.cpp", "C++", 44, 0, 0, 1, 0, 45
"d:\Vscode\.vscode\niuke\2025hanjia\1\c.cpp", "C++", 33, 0, 0, 0, 0, 33
"d:\Vscode\.vscode\niuke\2025hanjia\1\ceshi.cpp", "C++", 40, 0, 0, 1, 1, 42
"d:\Vscode\.vscode\niuke\2025hanjia\1\duipai.cpp", "C++", 13, 0, 0, 0, 1, 14
"d:\Vscode\.vscode\niuke\2025hanjia\1\e.cpp", "C++", 28, 0, 0, 0, 0, 28
"d:\Vscode\.vscode\niuke\2025hanjia\1\g.cpp", "C++", 122, 0, 0, 25, 3, 150
"d:\Vscode\.vscode\niuke\2025hanjia\1\g1.cpp", "C++", 58, 0, 0, 0, 0, 58
"d:\Vscode\.vscode\niuke\2025hanjia\1\gen.cpp", "C++", 18, 0, 0, 0, 1, 19
"d:\Vscode\.vscode\niuke\2025hanjia\1\h.cpp", "C++", 52, 0, 0, 4, 1, 57
"d:\Vscode\.vscode\niuke\2025hanjia\1\k.cpp", "C++", 27, 0, 0, 0, 0, 27
"d:\Vscode\.vscode\niuke\2025hanjia\1\l.cpp", "C++", 26, 0, 0, 1, 1, 28
"d:\Vscode\.vscode\niuke\2025hanjia\2\a.cpp", "C++", 28, 0, 0, 0, 1, 29
"d:\Vscode\.vscode\niuke\2025hanjia\2\b.cpp", "C++", 51, 0, 0, 7, 1, 59
"d:\Vscode\.vscode\niuke\2025hanjia\2\b2.cpp", "C++", 39, 0, 0, 0, 2, 41
"d:\Vscode\.vscode\niuke\2025hanjia\2\b3.cpp", "C++", 48, 0, 0, 0, 0, 48
"d:\Vscode\.vscode\niuke\2025hanjia\2\e.cpp", "C++", 38, 0, 0, 0, 4, 42
"d:\Vscode\.vscode\niuke\2025hanjia\2\f.cpp", "C++", 31, 0, 0, 1, 0, 32
"d:\Vscode\.vscode\niuke\2025hanjia\2\h.cpp", "C++", 38, 0, 0, 0, 0, 38
"d:\Vscode\.vscode\niuke\2025hanjia\2\i.cpp", "C++", 64, 0, 0, 0, 1, 65
"d:\Vscode\.vscode\niuke\2025hanjia\2\j.cpp", "C++", 69, 0, 0, 0, 2, 71
"d:\Vscode\.vscode\niuke\2025hanjia\3\a.cpp", "C++", 25, 0, 0, 0, 1, 26
"d:\Vscode\.vscode\niuke\2025hanjia\3\b.cpp", "C++", 54, 0, 0, 0, 2, 56
"d:\Vscode\.vscode\niuke\2025hanjia\3\b2.cpp", "C++", 67, 0, 0, 1, 0, 68
"d:\Vscode\.vscode\niuke\2025hanjia\3\c.cpp", "C++", 54, 0, 0, 1, 2, 57
"d:\Vscode\.vscode\niuke\2025hanjia\3\f.cpp", "C++", 19, 0, 0, 0, 0, 19
"d:\Vscode\.vscode\niuke\2025hanjia\3\g.cpp", "C++", 54, 0, 0, 0, 5, 59
"d:\Vscode\.vscode\niuke\2025hanjia\3\h.cpp", "C++", 45, 0, 0, 3, 0, 48
"d:\Vscode\.vscode\niuke\2025hanjia\3\i.cpp", "C++", 67, 0, 0, 0, 0, 67
"d:\Vscode\.vscode\niuke\2025hanjia\3\j.cpp", "C++", 39, 0, 0, 2, 1, 42
"d:\Vscode\.vscode\niuke\2025hanjia\4\a.cpp", "C++", 37, 0, 0, 1, 1, 39
"d:\Vscode\.vscode\niuke\2025hanjia\4\b.cpp", "C++", 31, 0, 0, 1, 2, 34
"d:\Vscode\.vscode\niuke\2025hanjia\4\c.cpp", "C++", 54, 0, 0, 0, 0, 54
"d:\Vscode\.vscode\niuke\2025hanjia\4\d.cpp", "C++", 73, 0, 0, 2, 3, 78
"d:\Vscode\.vscode\niuke\2025hanjia\4\f.cpp", "C++", 59, 0, 0, 0, 1, 60
"d:\Vscode\.vscode\niuke\2025hanjia\4\g.cpp", "C++", 59, 0, 0, 0, 6, 65
"d:\Vscode\.vscode\niuke\2025hanjia\4\h.cpp", "C++", 73, 0, 0, 10, 4, 87
"d:\Vscode\.vscode\niuke\2025hanjia\4\i.cpp", "C++", 16, 0, 0, 0, 0, 16
"d:\Vscode\.vscode\niuke\2025hanjia\5\b.cpp", "C++", 34, 0, 0, 0, 0, 34
"d:\Vscode\.vscode\niuke\2025hanjia\5\d.cpp", "C++", 73, 0, 0, 5, 0, 78
"d:\Vscode\.vscode\niuke\2025hanjia\5\g.cpp", "C++", 19, 0, 0, 0, 0, 19
"d:\Vscode\.vscode\niuke\2025hanjia\5\g1.cpp", "C++", 58, 0, 0, 2, 0, 60
"d:\Vscode\.vscode\niuke\2025hanjia\5\j.cpp", "C++", 56, 0, 0, 0, 0, 56
"d:\Vscode\.vscode\niuke\2025hanjia\6\a.cpp", "C++", 75, 0, 0, 3, 1, 79
"d:\Vscode\.vscode\niuke\2025hanjia\6\g.cpp", "C++", 50, 0, 0, 2, 1, 53
"d:\Vscode\.vscode\niuke\2025hanjia\6\h.cpp", "C++", 47, 0, 0, 0, 1, 48
"d:\Vscode\.vscode\niuke\2025hanjia\6\k.cpp", "C++", 29, 0, 0, 0, 0, 29
"d:\Vscode\.vscode\niuke\2026shujia\1\a.cpp", "C++", 36, 0, 0, 0, 1, 37
"d:\Vscode\.vscode\niuke\2026shujia\1\c.cpp", "C++", 94, 0, 0, 3, 0, 97
"d:\Vscode\.vscode\niuke\2026shujia\1\f.cpp", "C++", 28, 0, 0, 2, 0, 30
"d:\Vscode\.vscode\niuke\2026shujia\1\g.cpp", "C++", 35, 0, 0, 1, 1, 37
"d:\Vscode\.vscode\niuke\2026shujia\1\j.cpp", "C++", 390, 0, 0, 29, 17, 436
"d:\Vscode\.vscode\niuke\2026shujia\1\j_2.cpp", "C++", 204, 0, 0, 0, 3, 207
"d:\Vscode\.vscode\niuke\2026shujia\2\b.cpp", "C++", 47, 0, 0, 1, 0, 48
"d:\Vscode\.vscode\niuke\2026shujia\2\g.cpp", "C++", 100, 0, 0, 14, 6, 120
"d:\Vscode\.vscode\niuke\2026shujia\2\m.cpp", "C++", 21, 0, 0, 5, 0, 26
"d:\Vscode\.vscode\niuke\2026shujia\2\n.cpp", "C++", 49, 0, 0, 0, 0, 49
"d:\Vscode\.vscode\niuke\2026shujia\2\n_2.cpp", "C++", 0, 0, 0, 0, 1, 1
"d:\Vscode\.vscode\niuke\2026shujia\3\a.cpp", "C++", 78, 0, 0, 17, 5, 100
"d:\Vscode\.vscode\niuke\2026shujia\3\b.cpp", "C++", 57, 0, 0, 0, 0, 57
"d:\Vscode\.vscode\niuke\2026shujia\3\g.cpp", "C++", 84, 0, 0, 2, 0, 86
"d:\Vscode\.vscode\niuke\2026shujia\4\I.cpp", "C++", 48, 0, 0, 5, 6, 59
"d:\Vscode\.vscode\niuke\2026shujia\4\a.cpp", "C++", 16, 0, 0, 1, 1, 18
"d:\Vscode\.vscode\niuke\2026shujia\4\b.cpp", "C++", 75, 0, 0, 1, 0, 76
"d:\Vscode\.vscode\niuke\2026shujia\4\b_0.cpp", "C++", 26, 0, 0, 0, 1, 27
"d:\Vscode\.vscode\niuke\2026shujia\4\b_2.cpp", "C++", 33, 0, 0, 0, 0, 33
"d:\Vscode\.vscode\niuke\2026shujia\5\e.cpp", "C++", 112, 0, 0, 1, 7, 120
"d:\Vscode\.vscode\niuke\2026shujia\5\k.cpp", "C++", 87, 0, 0, 2, 2, 91
"d:\Vscode\.vscode\niuke\2026shujia\5\k_2.cpp", "C++", 78, 0, 0, 1, 0, 79
"d:\Vscode\.vscode\niuke\2026shujia\5\l.cpp", "C++", 184, 0, 0, 8, 3, 195
"d:\Vscode\.vscode\niuke\2026shujia\5\l_2.cpp", "C++", 127, 0, 0, 3, 1, 131
"d:\Vscode\.vscode\niuke\2026shujia\5\n.cpp", "C++", 17, 0, 0, 1, 0, 18
"d:\Vscode\.vscode\niuke\2026shujia\5\test.cpp", "C++", 17, 0, 0, 1, 0, 18
"d:\Vscode\.vscode\niuke\2026shujia\6\d.cpp", "C++", 79, 0, 0, 4, 1, 84
"d:\Vscode\.vscode\niuke\2026shujia\6\g.cpp", "C++", 55, 0, 0, 0, 0, 55
"d:\Vscode\.vscode\niuke\2026shujia\6\g_2.cpp", "C++", 52, 0, 0, 0, 0, 52
"d:\Vscode\.vscode\niuke\2026shujia\6\h.cpp", "C++", 48, 0, 0, 0, 0, 48
"d:\Vscode\.vscode\niuke\2026shujia\7\a.cpp", "C++", 73, 0, 0, 1, 0, 74
"d:\Vscode\.vscode\niuke\2026shujia\7\g.cpp", "C++", 29, 0, 0, 1, 0, 30
"d:\Vscode\.vscode\niuke\2026shujia\7\k.cpp", "C++", 56, 0, 0, 2, 7, 65
"d:\Vscode\.vscode\niuke\2026shujia\7\l.cpp", "C++", 17, 0, 0, 2, 1, 20
"d:\Vscode\.vscode\niuke\5_1party\1\a.cpp", "C++", 18, 0, 0, 2, 1, 21
"d:\Vscode\.vscode\niuke\guangdonggongye\a.cpp", "C++", 20, 0, 0, 0, 0, 20
"d:\Vscode\.vscode\niuke\guangdonggongye\c.cpp", "C++", 66, 0, 0, 0, 1, 67
"d:\Vscode\.vscode\niuke\guangdonggongye\e.cpp", "C++", 90, 0, 0, 1, 0, 91
"d:\Vscode\.vscode\niuke\guangdonggongye\h.cpp", "C++", 32, 0, 0, 0, 0, 32
"d:\Vscode\.vscode\niuke\guangdonggongye\i.cpp", "C++", 57, 0, 0, 0, 1, 58
"d:\Vscode\.vscode\niuke\guangdonggongye\j.cpp", "C++", 33, 0, 0, 0, 1, 34
"d:\Vscode\.vscode\niuke\guangdonggongye\k.cpp", "C++", 22, 0, 0, 0, 1, 23
"d:\Vscode\.vscode\niuke\guangdonggongye\l.cpp", "C++", 43, 0, 0, 0, 2, 45
"d:\Vscode\.vscode\niuke\guangzhoudaxue\a.cpp", "C++", 18, 0, 0, 0, 1, 19
"d:\Vscode\.vscode\niuke\guangzhoudaxue\d.cpp", "C++", 86, 0, 0, 1, 5, 92
"d:\Vscode\.vscode\niuke\guangzhoudaxue\g.cpp", "C++", 0, 0, 0, 0, 1, 1
"d:\Vscode\.vscode\niuke\guangzhoudaxue\h.cpp", "C++", 21, 0, 0, 0, 0, 21
"d:\Vscode\.vscode\niuke\guangzhoudaxue\i.cpp", "C++", 35, 0, 0, 0, 1, 36
"d:\Vscode\.vscode\niuke\guangzhoudaxue\k.cpp", "C++", 35, 0, 0, 0, 1, 36
"d:\Vscode\.vscode\niuke\guangzhoudaxue\l.cpp", "C++", 30, 0, 0, 53, 3, 86
"d:\Vscode\.vscode\niuke\henan2026\b.cpp", "C++", 47, 0, 0, 2, 0, 49
"d:\Vscode\.vscode\niuke\henan2026\c.cpp", "C++", 22, 0, 0, 0, 1, 23
"d:\Vscode\.vscode\niuke\henan2026\d.cpp", "C++", 80, 0, 0, 2, 0, 82
"d:\Vscode\.vscode\niuke\henan2026\e.cpp", "C++", 52, 0, 0, 0, 0, 52
"d:\Vscode\.vscode\niuke\henan2026\g.cpp", "C++", 68, 0, 0, 4, 0, 72
"d:\Vscode\.vscode\niuke\henan2026\j.cpp", "C++", 65, 0, 0, 1, 1, 67
"d:\Vscode\.vscode\niuke\henan2026\l.cpp", "C++", 15, 0, 0, 1, 1, 17
"d:\Vscode\.vscode\niuke\henanmengxin2026\1\a.cpp", "C++", 115, 0, 0, 0, 5, 120
"d:\Vscode\.vscode\niuke\henanmengxin2026\1\b.cpp", "C++", 47, 0, 0, 2, 0, 49
"d:\Vscode\.vscode\niuke\henanmengxin2026\1\c.cpp", "C++", 22, 0, 0, 0, 1, 23
"d:\Vscode\.vscode\niuke\henanmengxin2026\1\d.cpp", "C++", 80, 0, 0, 2, 0, 82
"d:\Vscode\.vscode\niuke\henanmengxin2026\1\e.cpp", "C++", 52, 0, 0, 0, 0, 52
"d:\Vscode\.vscode\niuke\henanmengxin2026\1\g.cpp", "C++", 68, 0, 0, 4, 0, 72
"d:\Vscode\.vscode\niuke\henanmengxin2026\1\j.cpp", "C++", 65, 0, 0, 1, 1, 67
"d:\Vscode\.vscode\niuke\henanmengxin2026\1\l.cpp", "C++", 15, 0, 0, 1, 1, 17
"d:\Vscode\.vscode\niuke\henanmengxin2026\2\a.cpp", "C++", 105, 0, 0, 9, 3, 117
"d:\Vscode\.vscode\niuke\henanmengxin2026\2\b.cpp", "C++", 25, 0, 0, 1, 0, 26
"d:\Vscode\.vscode\niuke\henanmengxin2026\2\c.cpp", "C++", 74, 0, 0, 5, 1, 80
"d:\Vscode\.vscode\niuke\henanmengxin2026\2\d.cpp", "C++", 43, 0, 0, 1, 2, 46
"d:\Vscode\.vscode\niuke\henanmengxin2026\2\e.cpp", "C++", 15, 0, 0, 1, 1, 17
"d:\Vscode\.vscode\niuke\henanmengxin2026\2\f.cpp", "C++", 81, 0, 0, 0, 2, 83
"d:\Vscode\.vscode\niuke\henanmengxin2026\2\f_2.cpp", "C++", 61, 0, 0, 0, 1, 62
"d:\Vscode\.vscode\niuke\henanmengxin2026\2\g.cpp", "C++", 52, 0, 0, 2, 4, 58
"d:\Vscode\.vscode\niuke\henanmengxin2026\2\h.cpp", "C++", 34, 0, 0, 6, 0, 40
"d:\Vscode\.vscode\niuke\henanmengxin2026\2\i.cpp", "C++", 30, 0, 0, 1, 1, 32
"d:\Vscode\.vscode\niuke\henanmengxin2026\2\k.cpp", "C++", 54, 0, 0, 0, 0, 54
"d:\Vscode\.vscode\niuke\henanmengxin2026\2\l.cpp", "C++", 53, 0, 0, 1, 0, 54
"d:\Vscode\.vscode\niuke\henanmengxin2026\2\m.cpp", "C++", 36, 0, 0, 1, 2, 39
"d:\Vscode\.vscode\niuke\henanmengxin2026\3\a.cpp", "C++", 71, 0, 0, 1, 1, 73
"d:\Vscode\.vscode\niuke\henanmengxin2026\3\a_2.cpp", "C++", 69, 0, 0, 1, 5, 75
"d:\Vscode\.vscode\niuke\henanmengxin2026\3\b.cpp", "C++", 43, 0, 0, 4, 1, 48
"d:\Vscode\.vscode\niuke\henanmengxin2026\3\c.cpp", "C++", 55, 0, 0, 3, 0, 58
"d:\Vscode\.vscode\niuke\henanmengxin2026\3\cduipai.cpp", "C++", 41, 0, 0, 0, 1, 42
"d:\Vscode\.vscode\niuke\henanmengxin2026\3\d.cpp", "C++", 36, 0, 0, 1, 1, 38
"d:\Vscode\.vscode\niuke\henanmengxin2026\3\duipai.cpp", "C++", 13, 0, 0, 0, 1, 14
"d:\Vscode\.vscode\niuke\henanmengxin2026\3\gen.cpp", "C++", 14, 0, 0, 0, 1, 15
"d:\Vscode\.vscode\niuke\henanmengxin2026\3\k.cpp", "C++", 15, 0, 0, 2, 1, 18
"d:\Vscode\.vscode\niuke\huanhaian\a.cpp", "C++", 16, 0, 0, 0, 3, 19
"d:\Vscode\.vscode\niuke\huanhaian\d.cpp", "C++", 39, 0, 0, 3, 2, 44
"d:\Vscode\.vscode\niuke\huanhaian\e.cpp", "C++", 88, 0, 0, 0, 5, 93
"d:\Vscode\.vscode\niuke\huanhaian\f.cpp", "C++", 42, 0, 0, 1, 6, 49
"d:\Vscode\.vscode\niuke\huanhaian\g.cpp", "C++", 56, 0, 0, 6, 0, 62
"d:\Vscode\.vscode\niuke\huanhaian\h.cpp", "C++", 33, 0, 0, 0, 3, 36
"d:\Vscode\.vscode\niuke\huanhaian\i.cpp", "C++", 26, 0, 0, 0, 2, 28
"d:\Vscode\.vscode\niuke\huanhaian\j.cpp", "C++", 11, 0, 0, 0, 0, 11
"d:\Vscode\.vscode\niuke\huanhaian\l.cpp", "C++", 29, 0, 0, 0, 2, 31
"d:\Vscode\.vscode\niuke\huanong\e.cpp", "C++", 21, 0, 0, 0, 1, 22
"d:\Vscode\.vscode\niuke\huanong\j.cpp", "C++", 146, 0, 0, 10, 14, 170
"d:\Vscode\.vscode\niuke\lanqiaomoni\1.cpp", "C++", 36, 0, 0, 4, 2, 42
"d:\Vscode\.vscode\niuke\lanqiaomoni\1_2.cpp", "C++", 15, 0, 0, 0, 1, 16
"d:\Vscode\.vscode\niuke\lanqiaomoni\2.cpp", "C++", 15, 0, 0, 0, 1, 16
"d:\Vscode\.vscode\niuke\lanqiaomoni\3.cpp", "C++", 41, 0, 0, 5, 1, 47
"d:\Vscode\.vscode\niuke\lanqiaomoni\4.cpp", "C++", 47, 0, 0, 11, 3, 61
"d:\Vscode\.vscode\niuke\lanqiaomoni\5.cpp", "C++", 109, 0, 0, 1, 6, 116
"d:\Vscode\.vscode\niuke\lanqiaomoni\5_2.cpp", "C++", 56, 0, 0, 3, 2, 61
"d:\Vscode\.vscode\niuke\lanqiaomoni\6.cpp", "C++", 38, 0, 0, 0, 2, 40
"d:\Vscode\.vscode\niuke\lanqiaomoni\7.cpp", "C++", 42, 0, 0, 2, 4, 48
"d:\Vscode\.vscode\niuke\lanqiaomoni\8.cpp", "C++", 102, 0, 0, 1, 3, 106
"d:\Vscode\.vscode\niuke\xiaobaiyuesai\100\1.cpp", "C++", 27, 0, 0, 1, 0, 28
"d:\Vscode\.vscode\niuke\xiaobaiyuesai\100\2.cpp", "C++", 29, 0, 0, 1, 0, 30
"d:\Vscode\.vscode\niuke\xiaobaiyuesai\100\3.cpp", "C++", 34, 0, 0, 2, 1, 37
"d:\Vscode\.vscode\niuke\xiaobaiyuesai\100\4.cpp", "C++", 123, 0, 0, 8, 0, 131
"d:\Vscode\.vscode\niuke\xiaobaiyuesai\100\5.cpp", "C++", 52, 0, 0, 3, 0, 55
"d:\Vscode\.vscode\niuke\xiaobaiyuesai\128\1.cpp", "C++", 39, 0, 0, 3, 3, 45
"d:\Vscode\.vscode\niuke\xiaobaiyuesai\128\2.cpp", "C++", 47, 0, 0, 4, 2, 53
"d:\Vscode\.vscode\niuke\xiaobaiyuesai\128\3.cpp", "C++", 61, 0, 0, 2, 5, 68
"d:\Vscode\.vscode\niuke\xiaobaiyuesai\128\4.cpp", "C++", 63, 0, 0, 2, 2, 67
"d:\Vscode\.vscode\niuke\xiaobaiyuesai\128\5.cpp", "C++", 71, 0, 0, 1, 4, 76
"d:\Vscode\.vscode\niuke\xiaobaiyuesai\128\6.cpp", "C++", 20, 0, 0, 0, 2, 22
"d:\Vscode\.vscode\niuke\zhousai\118\a.cpp", "C++", 16, 0, 0, 0, 0, 16
"d:\Vscode\.vscode\niuke\zhousai\118\b.cpp", "C++", 37, 0, 0, 0, 0, 37
"d:\Vscode\.vscode\niuke\zhousai\118\c.cpp", "C++", 23, 0, 0, 0, 1, 24
"d:\Vscode\.vscode\niuke\zhousai\118\d.cpp", "C++", 32, 0, 0, 0, 0, 32
"d:\Vscode\.vscode\niuke\zhousai\118\e.cpp", "C++", 85, 0, 0, 123, 19, 227
"d:\Vscode\.vscode\niuke\zhousai\118\f.cpp", "C++", 33, 0, 0, 0, 0, 33
"d:\Vscode\.vscode\niuke\zhousai\124\a.cpp", "C++", 27, 0, 0, 0, 1, 28
"d:\Vscode\.vscode\niuke\zhousai\124\b.cpp", "C++", 28, 0, 0, 0, 1, 29
"d:\Vscode\.vscode\niuke\zhousai\124\c.cpp", "C++", 57, 0, 0, 3, 3, 63
"d:\Vscode\.vscode\niuke\zhousai\124\d.cpp", "C++", 35, 0, 0, 4, 0, 39
"d:\Vscode\.vscode\niuke\zhousai\127\1.cpp", "C++", 17, 0, 0, 0, 0, 17
"d:\Vscode\.vscode\niuke\zhousai\127\2.cpp", "C++", 83, 0, 0, 0, 1, 84
"d:\Vscode\.vscode\niuke\zhousai\127\3.cpp", "C++", 53, 0, 0, 5, 4, 62
"d:\Vscode\.vscode\niuke\zhousai\127\4.cpp", "C++", 21, 0, 0, 0, 0, 21
"d:\Vscode\.vscode\niuke\zhousai\128\1.cpp", "C++", 17, 0, 0, 0, 1, 18
"d:\Vscode\.vscode\niuke\zhousai\128\2.cpp", "C++", 24, 0, 0, 0, 0, 24
"d:\Vscode\.vscode\niuke\zhousai\128\3.cpp", "C++", 26, 0, 0, 0, 3, 29
"d:\Vscode\.vscode\niuke\zhousai\128\4.cpp", "C++", 62, 0, 0, 4, 2, 68
"d:\Vscode\.vscode\niuke\zhousai\128\5.cpp", "C++", 76, 0, 0, 13, 8, 97
"d:\Vscode\.vscode\niuke\zhousai\129\1.cpp", "C++", 23, 0, 0, 0, 1, 24
"d:\Vscode\.vscode\niuke\zhousai\129\2.cpp", "C++", 27, 0, 0, 0, 0, 27
"d:\Vscode\.vscode\niuke\zhousai\129\3.cpp", "C++", 46, 0, 0, 11, 3, 60
"d:\Vscode\.vscode\niuke\zhousai\129\4.cpp", "C++", 21, 0, 0, 0, 3, 24
"d:\Vscode\.vscode\niuke\zhousai\129\5.cpp", "C++", 54, 0, 0, 0, 4, 58
"d:\Vscode\.vscode\niuke\zhousai\136\e.cpp", "C++", 50, 0, 0, 0, 1, 51
"d:\Vscode\.vscode\niuke\zhousai\136\f.cpp", "C++", 76, 0, 0, 1, 2, 79
"d:\Vscode\.vscode\niuke\zhousai\137\a.cpp", "C++", 20, 0, 0, 0, 2, 22
"d:\Vscode\.vscode\niuke\zhousai\137\b.cpp", "C++", 48, 0, 0, 0, 2, 50
"d:\Vscode\.vscode\niuke\zhousai\137\c.cpp", "C++", 37, 0, 0, 0, 1, 38
"d:\Vscode\.vscode\niuke\zhousai\137\d.cpp", "C++", 31, 0, 0, 2, 0, 33
"d:\Vscode\.vscode\niuke\zhousai\137\e.cpp", "C++", 33, 0, 0, 0, 1, 34
"d:\Vscode\.vscode\niuke\zhousai\137\e_2.cpp", "C++", 21, 0, 0, 0, 3, 24
"d:\Vscode\.vscode\niuke\zhousai\137\f.cpp", "C++", 63, 0, 0, 55, 3, 121
"d:\Vscode\.vscode\niuke\zhousai\138\a.cpp", "C++", 16, 0, 0, 0, 1, 17
"d:\Vscode\.vscode\niuke\zhousai\138\b.cpp", "C++", 24, 0, 0, 0, 1, 25
"d:\Vscode\.vscode\niuke\zhousai\138\c.cpp", "C++", 40, 0, 0, 0, 0, 40
"d:\Vscode\.vscode\niuke\zhousai\138\d.cpp", "C++", 50, 0, 0, 2, 2, 54
"d:\Vscode\.vscode\niuke\zhousai\138\e.cpp", "C++", 36, 0, 0, 0, 0, 36
"d:\Vscode\.vscode\niuke\zhousai\139\a.cpp", "C++", 25, 0, 0, 1, 1, 27
"d:\Vscode\.vscode\niuke\zhousai\139\b.cpp", "C++", 32, 0, 0, 1, 1, 34
"d:\Vscode\.vscode\niuke\zhousai\139\c.cpp", "C++", 64, 0, 0, 3, 0, 67
"d:\Vscode\.vscode\niuke\zhousai\139\d.cpp", "C++", 52, 0, 0, 2, 0, 54
"d:\Vscode\.vscode\niuke\zhousai\139\e.cpp", "C++", 51, 0, 0, 2, 0, 53
"d:\Vscode\.vscode\niuke\zhousai\139\f.cpp", "C++", 98, 0, 0, 7, 1, 106
"d:\Vscode\.vscode\niuke\zhousai\139\test_f.cpp", "C++", 51, 0, 0, 1, 1, 53
"d:\Vscode\.vscode\niuke\zhousai\140\a.cpp", "C++", 25, 0, 0, 1, 0, 26
"d:\Vscode\.vscode\niuke\zhousai\140\b.cpp", "C++", 49, 0, 0, 2, 0, 51
"d:\Vscode\.vscode\niuke\zhousai\140\c.cpp", "C++", 37, 0, 0, 1, 1, 39
"d:\Vscode\.vscode\niuke\zhousai\140\d.cpp", "C++", 48, 0, 0, 1, 1, 50
"d:\Vscode\.vscode\niuke\zhousai\140\e.cpp", "C++", 61, 0, 0, 2, 0, 63
"d:\Vscode\.vscode\niuke\zhousai\140\f.cpp", "C++", 36, 0, 0, 1, 1, 38
"d:\Vscode\.vscode\niuke\zhousai\141\a.cpp", "C++", 52, 0, 0, 2, 0, 54
"d:\Vscode\.vscode\niuke\zhousai\141\b.cpp", "C++", 29, 0, 0, 2, 1, 32
"d:\Vscode\.vscode\niuke\zhousai\141\c.cpp", "C++", 40, 0, 0, 1, 0, 41
"d:\Vscode\.vscode\niuke\zhousai\141\d.cpp", "C++", 54, 0, 0, 2, 1, 57
"d:\Vscode\.vscode\niuke\zhousai\141\e.cpp", "C++", 36, 0, 0, 4, 0, 40
"d:\Vscode\.vscode\niuke\zhousai\141\f.cpp", "C++", 67, 0, 0, 3, 1, 71
"d:\Vscode\.vscode\niuke\zhousai\143\a.cpp", "C++", 17, 0, 0, 2, 0, 19
"d:\Vscode\.vscode\niuke\zhousai\143\b.cpp", "C++", 29, 0, 0, 2, 1, 32
"d:\Vscode\.vscode\niuke\zhousai\143\c.cpp", "C++", 63, 0, 0, 6, 0, 69
"d:\Vscode\.vscode\niuke\zhousai\143\d.cpp", "C++", 65, 0, 0, 15, 3, 83
"d:\Vscode\.vscode\niuke\zhousai\143\e.cpp", "C++", 54, 0, 0, 4, 1, 59
"d:\Vscode\.vscode\niuke\zhousai\143\f.cpp", "C++", 20, 0, 0, 2, 1, 23
"d:\Vscode\.vscode\niuke\zhousai\153\a.cpp", "C++", 19, 0, 0, 2, 0, 21
"d:\Vscode\.vscode\niuke\zhousai\153\b.cpp", "C++", 18, 0, 0, 2, 0, 20
"d:\Vscode\.vscode\niuke\zhousai\153\c.cpp", "C++", 29, 0, 0, 3, 2, 34
"d:\Vscode\.vscode\niuke\zhousai\153\d.cpp", "C++", 46, 0, 0, 1, 2, 49
"d:\Vscode\.vscode\niuke\zhousai\153\e.cpp", "C++", 67, 0, 0, 1, 0, 68
"d:\Vscode\.vscode\niuke\zhousai\153\f.cpp", "C++", 46, 0, 0, 2, 7, 55
"d:\Vscode\.vscode\qoj\2023shandong\a.cpp", "C++", 37, 0, 0, 0, 0, 37
"d:\Vscode\.vscode\qoj\2023shandong\b.cpp", "C++", 68, 0, 0, 9, 7, 84
"d:\Vscode\.vscode\qoj\2023shandong\d.cpp", "C++", 76, 0, 0, 12, 1, 89
"d:\Vscode\.vscode\qoj\2023shandong\e.cpp", "C++", 49, 0, 0, 3, 1, 53
"d:\Vscode\.vscode\qoj\2023shandong\g.cpp", "C++", 40, 0, 0, 0, 1, 41
"d:\Vscode\.vscode\qoj\2023shandong\i.cpp", "C++", 51, 0, 0, 1, 0, 52
"d:\Vscode\.vscode\qoj\2023shandong\l.cpp", "C++", 86, 0, 0, 10, 1, 97
"d:\Vscode\.vscode\qoj\2023shandong\m.cpp", "C++", 91, 0, 0, 10, 3, 104
"d:\Vscode\.vscode\qoj\2025shandong\a.cpp", "C++", 40, 0, 0, 0, 1, 41
"d:\Vscode\.vscode\qoj\2025shandong\d.cpp", "C++", 43, 0, 0, 0, 1, 44
"d:\Vscode\.vscode\qoj\2025shandong\g.cpp", "C++", 29, 0, 0, 0, 2, 31
"d:\Vscode\.vscode\qoj\2025shandong\h.cpp", "C++", 49, 0, 0, 0, 1, 50
"d:\Vscode\.vscode\qoj\2025shandong\l.cpp", "C++", 37, 0, 0, 1, 0, 38
"d:\Vscode\.vscode\qoj\2025wuhan\I.cpp", "C++", 67, 0, 0, 28, 3, 98
"d:\Vscode\.vscode\qoj\2025wuhan\a.cpp", "C++", 46, 0, 0, 1, 0, 47
"d:\Vscode\.vscode\qoj\2025wuhan\f.cpp", "C++", 61, 0, 0, 3, 1, 65
"d:\Vscode\.vscode\qoj\2025wuhan\f2.cpp", "C++", 74, 0, 0, 3, 6, 83
"d:\Vscode\.vscode\qoj\2025wuhan\f3.cpp", "C++", 72, 0, 0, 0, 1, 73
"d:\Vscode\.vscode\qoj\2025wuhan\l.cpp", "C++", 31, 0, 0, 0, 0, 31
"d:\Vscode\.vscode\qoj\2025wuhan\l2.cpp", "C++", 49, 0, 0, 28, 3, 80
"d:\Vscode\.vscode\qoj\2025wuhan\m.cpp", "C++", 73, 0, 0, 5, 5, 83
"d:\Vscode\.vscode\qoj\2026shandong\e.cpp", "C++", 89, 0, 0, 0, 0, 89
"d:\Vscode\.vscode\qoj\2026shandong\l.cpp", "C++", 98, 0, 0, 8, 2, 108
"d:\Vscode\.vscode\qoj\2026xi'an\J.cpp", "C++", 59, 0, 0, 0, 4, 63
"d:\Vscode\.vscode\qoj\2026xi'an\L.cpp", "C++", 32, 0, 0, 1, 3, 36
"d:\Vscode\.vscode\qoj\2026xi'an\a.cpp", "C++", 73, 0, 0, 6, 6, 85
"d:\Vscode\.vscode\qoj\2026xi'an\b.cpp", "C++", 163, 0, 0, 6, 3, 172
"d:\Vscode\.vscode\qoj\2026xi'an\b1.cpp", "C++", 156, 0, 0, 10, 5, 171
"d:\Vscode\.vscode\qoj\2026xi'an\b2.cpp", "C++", 97, 0, 0, 0, 0, 97
"d:\Vscode\.vscode\qoj\2026xi'an\d.cpp", "C++", 48, 0, 0, 1, 0, 49
"d:\Vscode\.vscode\qoj\2026xi'an\e.cpp", "C++", 29, 0, 0, 0, 0, 29
"d:\Vscode\.vscode\sdcpc\2023\l.cpp", "C++", 86, 0, 0, 10, 1, 97
"d:\Vscode\.vscode\shujujiegou\keduoli\CF915E.cpp", "C++", 58, 0, 0, 0, 0, 58
"d:\Vscode\.vscode\tianti\2024\L2_1.cpp", "C++", 37, 0, 0, 0, 1, 38
"d:\Vscode\.vscode\tianti\2024\L2_2.cpp", "C++", 60, 0, 0, 9, 1, 70
"d:\Vscode\.vscode\tianti\2024\L2_3.cpp", "C++", 76, 0, 0, 3, 1, 80
"d:\Vscode\.vscode\tianti\2025\L2_4.cpp", "C++", 100, 0, 0, 0, 0, 100
"d:\Vscode\.vscode\tianti\2026moni\8.cpp", "C++", 35, 0, 0, 1, 6, 42
"d:\Vscode\.vscode\vj\dp\Add, Divide and Floor.cpp", "C++", 51, 0, 0, 0, 1, 52
"d:\Vscode\.vscode\vj\dp\Ayoub and Lost Array.cpp", "C++", 38, 0, 0, 3, 0, 41
"d:\Vscode\.vscode\vj\dp\Cut Ribbon.cpp", "C++", 23, 0, 0, 1, 0, 24
"d:\Vscode\.vscode\vj\dp\Flowers.cpp", "C++", 36, 0, 0, 2, 1, 39
"d:\Vscode\.vscode\vj\dp\k-Tree.cpp", "C++", 34, 0, 0, 2, 1, 37
"d:\Vscode\.vscode\vj\jisuanjihe\jichu\Closest Pair.cpp", "C++", 81, 0, 0, 1, 1, 83
"d:\Vscode\.vscode\vj\jisuanjihe\jichu\Intersecting Lines.cpp", "C++", 73, 0, 0, 1, 1, 75
"d:\Vscode\.vscode\vj\jisuanjihe\jichu\Intersecting Lines_2.cpp", "C++", 66, 0, 0, 2, 2, 70
"d:\Vscode\.vscode\vj\jisuanjihe\jichu\Pick-up sticks.cpp", "C++", 74, 0, 0, 1, 2, 77
"d:\Vscode\.vscode\vj\jisuanjihe\jichu\Segments.cpp", "C++", 71, 0, 0, 1, 0, 72
"d:\Vscode\.vscode\vj\jisuanjihe\jichu\TOYS.cpp", "C++", 77, 0, 0, 6, 4, 87
"d:\Vscode\.vscode\vj\jisuanjihe\jichu\The Doors.cpp", "C++", 56, 0, 0, 0, 1, 57
"d:\Vscode\.vscode\vj\jisuanjihe\jichu\Toy Storage.cpp", "C++", 82, 0, 0, 6, 4, 92
"d:\Vscode\.vscode\vj\jisuanjihe\jichu\Treasure Hunt.cpp", "C++", 35, 0, 0, 1, 1, 37
"d:\Vscode\.vscode\vj\math1\1.cpp", "C++", 36, 0, 0, 2, 2, 40
"d:\Vscode\.vscode\vj\math1\2.cpp", "C++", 29, 0, 0, 0, 2, 31
"d:\Vscode\.vscode\vj\math1\3.cpp", "C++", 31, 0, 0, 0, 2, 33
"d:\Vscode\.vscode\vj\math1\4duipai\4.cpp", "C++", 26, 0, 0, 10, 5, 41
"d:\Vscode\.vscode\vj\math1\4duipai\4duipai.cpp", "C++", 24, 0, 0, 1, 0, 25
"d:\Vscode\.vscode\vj\math1\4duipai\duipai.cpp", "C++", 13, 0, 0, 0, 1, 14
"d:\Vscode\.vscode\vj\math1\4duipai\gen.cpp", "C++", 16, 0, 0, 0, 1, 17
"d:\Vscode\.vscode\vj\math1\5.cpp", "C++", 27, 0, 0, 0, 0, 27
"d:\Vscode\.vscode\vj\math1\6.cpp", "C++", 37, 0, 0, 0, 1, 38
"d:\Vscode\.vscode\vj\math1\7.cpp", "C++", 24, 0, 0, 0, 0, 24
"d:\Vscode\.vscode\vj\shulun\1300\1.cpp", "C++", 48, 0, 0, 4, 0, 52
"d:\Vscode\.vscode\vj\shulun\1300\2.cpp", "C++", 78, 0, 0, 5, 0, 83
"d:\Vscode\.vscode\vj\shulun\1300\3.cpp", "C++", 49, 0, 0, 2, 0, 51
"d:\Vscode\.vscode\vj\shulun\1300\4.cpp", "C++", 49, 0, 0, 1, 0, 50
"d:\Vscode\.vscode\vj\shulun\1700\1.cpp", "C++", 65, 0, 0, 2, 0, 67
"d:\Vscode\.vscode\vj\shushang\DFSxujiqiao\1.cpp", "C++", 144, 0, 0, 0, 8, 152
"d:\Vscode\.vscode\vj\shushang\DFSxujiqiao\2.cpp", "C++", 95, 0, 0, 0, 0, 95
"d:\Vscode\.vscode\vj\shushang\DFSxujiqiao\3.cpp", "C++", 195, 0, 0, 4, 7, 206
"d:\Vscode\.vscode\vj\shushang\DFSxujiqiao\te.cpp", "C++", 105, 0, 0, 0, 6, 111
"d:\Vscode\.vscode\vj\shushang\zhijing\1.cpp", "C++", 117, 0, 0, 0, 0, 117
"d:\Vscode\.vscode\vj\shushang\zhijing\2(1).cpp", "C++", 103, 0, 0, 12, 5, 120
"d:\Vscode\.vscode\vj\shushang\zhijing\2.cpp", "C++", 80, 0, 0, 0, 3, 83
"d:\Vscode\.vscode\vj\shushang\zhijing\3.cpp", "C++", 95, 0, 0, 12, 3, 110
"d:\Vscode\.vscode\vj\shushang\zhijing\4.cpp", "C++", 63, 0, 0, 9, 3, 75
"d:\Vscode\.vscode\vj\shushang\zhijing\5.cpp", "C++", 111, 0, 0, 15, 3, 129
"d:\Vscode\.vscode\vj\sousuo\sousuo2\1(1).cpp", "C++", 83, 0, 0, 4, 3, 90
"d:\Vscode\.vscode\vj\sousuo\sousuo2\1.cpp", "C++", 103, 0, 0, 7, 2, 112
"d:\Vscode\.vscode\vj\sousuo\suosou1\1.cpp", "C++", 57, 0, 0, 2, 1, 60
"d:\Vscode\.vscode\vj\sousuo\suosou1\11.cpp", "C++", 77, 0, 0, 0, 2, 79
"d:\Vscode\.vscode\vj\sousuo\suosou1\12.cpp", "C++", 62, 0, 0, 1, 1, 64
"d:\Vscode\.vscode\vj\sousuo\suosou1\13.cpp", "C++", 98, 0, 0, 1, 3, 102
"d:\Vscode\.vscode\vj\sousuo\suosou1\14.cpp", "C++", 87, 0, 0, 0, 4, 91
"d:\Vscode\.vscode\vj\sousuo\suosou1\2.cpp", "C++", 88, 0, 0, 0, 2, 90
"d:\Vscode\.vscode\vj\sousuo\suosou1\3.cpp", "C++", 53, 0, 0, 0, 2, 55
"d:\Vscode\.vscode\vj\sousuo\suosou1\4.cpp", "C++", 101, 0, 0, 0, 2, 103
"d:\Vscode\.vscode\vj\sousuo\suosou1\5.cpp", "C++", 56, 0, 0, 0, 1, 57
"d:\Vscode\.vscode\vj\sousuo\suosou1\6.cpp", "C++", 98, 0, 0, 5, 1, 104
"d:\Vscode\.vscode\vj\sousuo\suosou1\7.cpp", "C++", 56, 0, 0, 4, 2, 62
"d:\Vscode\.vscode\vj\sousuo\suosou1\8.cpp", "C++", 127, 0, 0, 1, 8, 136
"d:\Vscode\.vscode\vj\sousuo\suosou1\9.cpp", "C++", 105, 0, 0, 1, 6, 112
"d:\Vscode\.vscode\yaoqingsai\24xian\f1.cpp", "C++", 50, 0, 0, 2, 1, 53
"d:\Vscode\.vscode\yaoqingsai\24xian\j.cpp", "C++", 19, 0, 0, 1, 1, 21
"d:\Vscode\.vscode\zatest\t1.cpp", "C++", 17, 0, 0, 0, 1, 18
"Total", "-", 43389, 115, 35, 32537, 4453, 80529